"ONTOLOGY","ID","Description","GeneRatio","BgRatio","pvalue","p.adjust","qvalue","geneID","Count"
"BP","GO:0042254","ribosome biogenesis","37/396","325/18870",4.92259664787275e-17,1.63725564508248e-13,1.47470632208904e-13,"AFG2B/RRP12/TFB2M/PNO1/SBDS/RPF2/NOP16/UTP20/UTP4/DDX21/UTP14A/PAK1IP1/SRFBP1/NOP58/LSG1/NMD3/DHX29/AIRIM/NOP2/DDX10/RPP30/DDX27/NUP88/EIF5/GRWD1/ESF1/METTL16/GAR1/LTV1/WDR46/WDR43/RIOK1/RPS19BP1/UTP25/UTP15/ABCE1/DDX52",37
"BP","GO:0034470","ncRNA processing","39/396","439/18870",2.86100484454728e-14,4.75785105648212e-11,4.28548409872713e-11,"TYW1B/RRP12/TFB2M/SBDS/ALKBH1/SRSF3/ALKBH8/RPF2/UTP20/INTS6/TRMT13/SRRT/UTP4/DDX21/ZMPSTE24/TRIT1/UTP14A/SRFBP1/NOP58/TRMO/DUS3L/CTU2/NOP2/DDX10/RPP30/DDX27/ESF1/METTL16/DPH3/GAR1/WDR46/YRDC/WDR43/RIOK1/UTP25/UTP15/ZCCHC8/DDX52/TRMT6",39
"BP","GO:0006364","rRNA processing","23/396","225/18870",4.23922424216421e-10,4.69988660981272e-07,4.23327445375416e-07,"RRP12/TFB2M/SBDS/RPF2/UTP20/UTP4/DDX21/UTP14A/SRFBP1/NOP58/NOP2/DDX10/RPP30/DDX27/ESF1/METTL16/GAR1/WDR46/WDR43/RIOK1/UTP25/UTP15/DDX52",23
"BP","GO:0016072","rRNA metabolic process","24/396","264/18870",1.92063228159314e-09,1.59700574214469e-06,1.4384524930037e-06,"RRP12/TFB2M/SBDS/RPF2/UTP20/UTP4/DDX21/UTP14A/SRFBP1/NOP58/NOP2/DDX10/RPP30/DDX27/ESF1/METTL16/GAR1/WDR46/WDR43/RIOK1/UTP25/UTP15/DEDD/DDX52",24
"BP","GO:0008380","RNA splicing","30/396","478/18870",1.04419994216839e-07,6.94601801530414e-05,6.25640639033945e-05,"BUD31/CLK1/TXNL4B/SRSF3/TRA2A/TRA2B/DDX39A/SFPQ/CLK4/ECD/PRPF3/RRAGC/CCNL1/PTBP2/LSM1/PRKRIP1/METTL16/SRSF6/CWC22/PAXBP1/PRPF39/PRPF38B/PPP2CA/RBM15/YTHDC1/CWC25/PPIL1/SUGP1/ZCCHC8/SRSF1",30
"BP","GO:0042274","ribosomal small subunit biogenesis","13/396","104/18870",2.73741796803828e-07,0.000151744202694922,0.000136678798895385,"PNO1/UTP20/UTP4/SRFBP1/NOP58/LTV1/WDR46/WDR43/RIOK1/RPS19BP1/UTP25/UTP15/DDX52",13
"BP","GO:0009451","RNA modification","16/396","180/18870",1.33210379705656e-06,0.000632939604144304,0.000570100361868117,"TYW1B/TFB2M/ALKBH1/ALKBH8/TRMT13/TRIT1/TRMO/DUS3L/CTU2/NOP2/METTL16/DPH3/GAR1/YRDC/RBM15/TRMT6",16
"BP","GO:0006400","tRNA modification","11/396","94/18870",4.38944711150761e-06,0.00182491263660929,0.00164373243149351,"TYW1B/ALKBH1/ALKBH8/TRMT13/TRIT1/TRMO/DUS3L/CTU2/DPH3/YRDC/TRMT6",11
"BP","GO:0000819","sister chromatid segregation","17/396","225/18870",5.7991397197256e-06,0.00205522209873443,0.0018511764069368,"STAG1/NUSAP1/PIBF1/ZWINT/INO80/MAD2L1BP/PLK1/LATS1/PINX1/KIF18A/DUSP1/DLGAP5/TOP2A/KIF11/CHMP2B/DRG1/BIRC5",17
"BP","GO:0000054","ribosomal subunit export from nucleus","5/396","14/18870",6.79718673664424e-06,0.00205522209873443,0.0018511764069368,"LSG1/NMD3/NUP88/LTV1/ABCE1",5
"BP","GO:0033750","ribosome localization","5/396","14/18870",6.79718673664424e-06,0.00205522209873443,0.0018511764069368,"LSG1/NMD3/NUP88/LTV1/ABCE1",5
"BP","GO:0000070","mitotic sister chromatid segregation","15/396","184/18870",8.24969774004184e-06,0.00228654122361493,0.00205952980422448,"STAG1/NUSAP1/PIBF1/ZWINT/INO80/MAD2L1BP/PLK1/PINX1/KIF18A/DUSP1/DLGAP5/KIF11/CHMP2B/DRG1/BIRC5",15
"BP","GO:0000375","RNA splicing, via transesterification reactions","21/396","336/18870",9.43508597369996e-06,0.00241393045757893,0.00217427163410122,"BUD31/TXNL4B/SRSF3/TRA2A/TRA2B/DDX39A/SFPQ/PRPF3/PTBP2/LSM1/METTL16/SRSF6/CWC22/PAXBP1/PRPF39/RBM15/YTHDC1/CWC25/PPIL1/ZCCHC8/SRSF1",21
"BP","GO:0051098","regulation of binding","18/396","262/18870",1.15476286494714e-05,0.00274338663486729,0.00247101888243577,"JUN/TCF7L2/PLK1/PINX1/NMD3/DDIT3/PER2/DNAJB2/DPH3/ERCC4/PAX6/RARA/PPP2CA/NFKBIA/AURKA/EP300/IFIT1/H1-0",18
"BP","GO:0030490","maturation of SSU-rRNA","8/396","53/18870",1.36031095625259e-05,0.0030162628269974,0.00271680349578587,"UTP20/UTP4/SRFBP1/WDR46/WDR43/RIOK1/UTP25/DDX52",8
"BP","GO:0006360","transcription by RNA polymerase I","9/396","72/18870",1.90917928013354e-05,0.00376130507748983,0.00338787677644588,"GTF2H1/CREBBP/POLR1C/TAF1A/DDX21/ZMPSTE24/WDR43/UTP15/DEDD",9
"BP","GO:0140014","mitotic nuclear division","18/396","274/18870",2.11224991128268e-05,0.00376130507748983,0.00338787677644588,"STAG1/NUSAP1/PIBF1/ZWINT/CDCA2/INO80/MAD2L1BP/PLK1/PINX1/KIF18A/DUSP1/DLGAP5/UBE2S/KIF11/CHMP2B/DRG1/AURKA/BIRC5",18
"BP","GO:0044772","mitotic cell cycle phase transition","25/396","470/18870",2.20385200349621e-05,0.00376130507748983,0.00338787677644588,"RRM2/PPM1D/ZWINT/DTL/INO80/MAD2L1BP/PLK1/TRIAP1/ECD/LATS1/PINX1/ID2/WAC/HUS1/DUSP1/ANKRD17/DLGAP5/TAF2/UBE2S/EZH2/PPP2CA/AURKA/BIRC5/CDKN3/HINFP",25
"BP","GO:0006913","nucleocytoplasmic transport","20/396","330/18870",2.39388495587964e-05,0.00376130507748983,0.00338787677644588,"IFI27/DNAJC27/SRSF3/NXF1/DDX39A/KPNA5/LSG1/NMD3/AKIRIN2/ZC3H12A/KPNA2/NUP88/RGS14/CHTOP/LTV1/DUSP16/NFKBIA/YTHDC1/EP300/ABCE1",20
"BP","GO:0051169","nuclear transport","20/396","330/18870",2.39388495587964e-05,0.00376130507748983,0.00338787677644588,"IFI27/DNAJC27/SRSF3/NXF1/DDX39A/KPNA5/LSG1/NMD3/AKIRIN2/ZC3H12A/KPNA2/NUP88/RGS14/CHTOP/LTV1/DUSP16/NFKBIA/YTHDC1/EP300/ABCE1",20
"BP","GO:0008033","tRNA processing","12/396","134/18870",2.60326190388776e-05,0.00376130507748983,0.00338787677644588,"TYW1B/ALKBH1/ALKBH8/TRMT13/TRIT1/TRMO/DUS3L/CTU2/RPP30/DPH3/YRDC/TRMT6",12
"BP","GO:0000377","RNA splicing, via transesterification reactions with bulged adenosine as nucleophile","20/396","332/18870",2.60942096999923e-05,0.00376130507748983,0.00338787677644588,"BUD31/TXNL4B/SRSF3/TRA2A/TRA2B/DDX39A/SFPQ/PRPF3/PTBP2/METTL16/SRSF6/CWC22/PAXBP1/PRPF39/RBM15/YTHDC1/CWC25/PPIL1/ZCCHC8/SRSF1",20
"BP","GO:0000398","mRNA splicing, via spliceosome","20/396","332/18870",2.60942096999923e-05,0.00376130507748983,0.00338787677644588,"BUD31/TXNL4B/SRSF3/TRA2A/TRA2B/DDX39A/SFPQ/PRPF3/PTBP2/METTL16/SRSF6/CWC22/PAXBP1/PRPF39/RBM15/YTHDC1/CWC25/PPIL1/ZCCHC8/SRSF1",20
"BP","GO:0035970","peptidyl-threonine dephosphorylation","5/396","18/18870",2.7141106993312e-05,0.00376130507748983,0.00338787677644588,"DUSP10/PPM1D/DUSP1/PPP2CA/PPM1E",5
"BP","GO:0043414","macromolecule methylation","15/396","210/18870",3.94030688646507e-05,0.00524218428175313,0.00472173195742299,"FOS/TFB2M/PPM1D/ALKBH8/TRMT13/ZMPSTE24/TRMO/NOP2/METTL16/ARID4A/PAX6/EZH2/RBM15/KANSL2/TRMT6",15
"BP","GO:0045936","negative regulation of phosphate metabolic process","21/396","376/18870",4.98952546713112e-05,0.00638275450141465,0.00574906456658104,"FLCN/PIBF1/AKT1S1/DUSP10/DYNLL1/PLK1/LATS1/DUSP1/ZC3H12A/PPP1R15A/PRKRIP1/RGS14/PAX6/DUSP16/PPP2CA/PPM1E/LRP6/ATG14/PRDX3/TERF2IP/DNAJA1",21
"BP","GO:0010563","negative regulation of phosphorus metabolic process","21/396","377/18870",5.18371927447011e-05,0.00638557418773615,0.00575160430999686,"FLCN/PIBF1/AKT1S1/DUSP10/DYNLL1/PLK1/LATS1/DUSP1/ZC3H12A/PPP1R15A/PRKRIP1/RGS14/PAX6/DUSP16/PPP2CA/PPM1E/LRP6/ATG14/PRDX3/TERF2IP/DNAJA1",21
"BP","GO:0031400","negative regulation of protein modification process","23/396","437/18870",5.51310482680778e-05,0.00649166271054855,0.00584716019692413,"FLCN/PIBF1/AKT1S1/DUSP10/ISG15/PLK1/LATS1/PINX1/DUSP1/ZC3H12A/PPP1R15A/PER2/PRKRIP1/RGS14/PAX6/DUSP16/PPP2CA/PPM1E/LRP6/ATG14/GPS2/TERF2IP/DNAJA1",23
"BP","GO:0051168","nuclear export","13/396","168/18870",5.66019899596837e-05,0.00649166271054855,0.00584716019692413,"IFI27/DNAJC27/SRSF3/NXF1/DDX39A/LSG1/NMD3/NUP88/CHTOP/LTV1/DUSP16/YTHDC1/ABCE1",13
"BP","GO:0042326","negative regulation of phosphorylation","19/396","327/18870",6.72477349998293e-05,0.00745553222031441,0.00671533522138647,"PIBF1/AKT1S1/DUSP10/DYNLL1/PLK1/LATS1/DUSP1/ZC3H12A/PRKRIP1/RGS14/PAX6/DUSP16/PPP2CA/PPM1E/LRP6/ATG14/PRDX3/TERF2IP/DNAJA1",19
"BP","GO:0051101","regulation of DNA binding","9/396","85/18870",7.26819403224365e-05,0.00779806882298142,0.00702386424983546,"JUN/PINX1/DDIT3/PER2/ERCC4/PAX6/NFKBIA/EP300/H1-0",9
"BP","GO:1901796","regulation of signal transduction by p53 class mediator","10/396","107/18870",8.50918744031388e-05,0.0086690471724225,0.00780837049489332,"RPF2/USP15/ZMPSTE24/PAK1IP1/TRIAP1/SGK1/NOP2/HAPSTR1/AURKA/EP300",10
"BP","GO:0072331","signal transduction by p53 class mediator","13/396","175/18870",8.60127951563267e-05,0.0086690471724225,0.00780837049489332,"CDIP1/AEN/PPM1D/RPF2/USP15/ZMPSTE24/PAK1IP1/TRIAP1/SGK1/NOP2/HAPSTR1/AURKA/EP300",13
"BP","GO:0007059","chromosome segregation","22/396","424/18870",9.81824273166313e-05,0.00960455156632693,0.00865099653693909,"STAG1/NUSAP1/PIBF1/ZWINT/CDCA2/HAUS2/INO80/MAD2L1BP/PLK1/LATS1/PINX1/KIF18A/DUSP1/DLGAP5/RGS14/TOP2A/KIF11/CHMP2B/DRG1/AURKA/BIRC5/CENPU",22
"BP","GO:0032259","methylation","17/396","282/18870",0.000103425749911895,0.00982840126305606,0.00885262208268429,"TYMS/FOS/TFB2M/PPM1D/ALKBH8/TRMT13/ZMPSTE24/NDUFAF5/TRMO/NOP2/METTL16/ARID4A/PAX6/EZH2/RBM15/KANSL2/TRMT6",17
"BP","GO:0098813","nuclear chromosome segregation","18/396","312/18870",0.000113818113422667,0.0105155290345497,0.00947153072517278,"STAG1/NUSAP1/PIBF1/ZWINT/INO80/MAD2L1BP/PLK1/LATS1/PINX1/KIF18A/DUSP1/DLGAP5/TOP2A/KIF11/CHMP2B/DRG1/AURKA/BIRC5",18
"BP","GO:0043484","regulation of RNA splicing","13/396","181/18870",0.000120950582931829,0.0108724767251692,0.00979304008603084,"CLK1/SRSF3/TRA2A/TRA2B/CLK4/CCNL1/PTBP2/METTL16/SRSF6/CWC22/RBM15/YTHDC1/SRSF1",13
"BP","GO:2001251","negative regulation of chromosome organization","9/396","94/18870",0.000159128742993777,0.0137107756882095,0.0123495482509872,"ZWINT/MAD2L1BP/PLK1/PINX1/DUSP1/ERCC4/TOP2A/BIRC5/TERF2IP",9
"BP","GO:0007098","centrosome cycle","11/396","138/18870",0.000160769769043948,0.0137107756882095,0.0123495482509872,"PCLAF/HAUS2/PLK1/CCNL1/CEP76/KIF11/CHMP2B/AURKA/ATF5/CNTROB/CHORDC1",11
"BP","GO:1902850","microtubule cytoskeleton organization involved in mitosis","12/396","163/18870",0.000174010772347079,0.0144689957206596,0.0130324910026259,"STAG1/NUSAP1/PIBF1/SBDS/PLK1/DLGAP5/PAX6/KIF11/CHMP2B/DRG1/AURKA/BIRC5",12
"BP","GO:1901990","regulation of mitotic cell cycle phase transition","19/396","355/18870",0.000196006338484273,0.0159004166292364,0.0143217981855261,"RRM2/ZWINT/DTL/INO80/MAD2L1BP/PLK1/TRIAP1/ECD/PINX1/ID2/WAC/HUS1/DUSP1/ANKRD17/DLGAP5/EZH2/PPP2CA/AURKA/BIRC5",19
"BP","GO:0001933","negative regulation of protein phosphorylation","17/396","304/18870",0.000253194933319599,0.0200506273385949,0.0180599694292626,"PIBF1/AKT1S1/DUSP10/PLK1/LATS1/DUSP1/ZC3H12A/PRKRIP1/RGS14/PAX6/DUSP16/PPP2CA/PPM1E/LRP6/ATG14/TERF2IP/DNAJA1",17
"BP","GO:1901987","regulation of cell cycle phase transition","22/396","456/18870",0.000274474223071221,0.0205795027075294,0.0185363372173399,"RRM2/ZWINT/DTL/INO80/MAD2L1BP/PLK1/TRIAP1/ECD/PINX1/ID2/WAC/HUS1/DUSP1/STXBP4/ANKRD17/DLGAP5/EZH2/PPP2CA/AURKA/ATF5/BIRC5/HINFP",22
"BP","GO:0006457","protein folding","14/396","223/18870",0.000275361328128208,0.0205795027075294,0.0185363372173399,"HSPA6/HSPH1/DNAJC2/LMAN2L/HSPBP1/DNAJB2/DNAJC25/HSPA14/PDRG1/BAG1/TTC1/CHORDC1/PPIL1/DNAJA1",14
"BP","GO:0006399","tRNA metabolic process","13/396","197/18870",0.000279380904377633,0.0205795027075294,0.0185363372173399,"TYW1B/ALKBH1/ALKBH8/TRMT13/TRIT1/TRMO/DUS3L/CTU2/YARS2/RPP30/DPH3/YRDC/TRMT6",13
"BP","GO:1900034","regulation of cellular response to heat","4/396","16/18870",0.000284623308642921,0.0205795027075294,0.0185363372173399,"CREBBP/DNAJC2/EP300/CHORDC1",4
"BP","GO:0009314","response to radiation","21/396","428/18870",0.000300763193458088,0.0212837953498213,0.0191707065751785,"SLC7A11/PCLAF/AEN/FOS/CREBBP/PPM1D/DTL/H2AC25/INO80/ZMPSTE24/TRIAP1/BRAF/ID2/CCDC66/HUS1/PER2/RGS14/HRAS/ERCC4/EP300/ELANE",21
"BP","GO:0034504","protein localization to nucleus","17/396","310/18870",0.000317823049634589,0.0220224888142634,0.0198360613872816,"FLCN/CREBBP/RPF2/TCF7L2/PLK1/BANP/KPNA5/LATS1/PINX1/NMD3/AKIRIN2/ZC3H12A/KPNA2/NUP88/NFKBIA/UTP25/EP300",17
"BP","GO:0007051","spindle organization","13/396","202/18870",0.000355954082231667,0.0234695296471837,0.0211394377237981,"STAG1/PIBF1/SBDS/HAUS2/INO80/PLK1/DLGAP5/RGS14/KIF11/CHMP2B/DRG1/AURKA/BIRC5",13
"BP","GO:0045089","positive regulation of innate immune response","18/396","343/18870",0.000363496702399347,0.0234695296471837,0.0211394377237981,"NR1D1/PSPC1/CREBBP/USP15/TMEM126A/SFPQ/NECTIN2/AKIRIN2/GPATCH3/ANKRD17/CD160/PPP2CA/POLR3C/NFKBIA/EP300/GPS2/RSAD2/AP3B1",18
"BP","GO:0071900","regulation of protein serine/threonine kinase activity","16/396","285/18870",0.000365830120727956,0.0234695296471837,0.0211394377237981,"SERTAD1/GTF2H1/DUSP10/PLK1/LATS1/DUSP1/RGS14/HRAS/EZH2/DUSP16/PPP2CA/LRP6/HERC5/CDKN3/ELANE/DNAJA1",16
"BP","GO:0043247","telomere maintenance in response to DNA damage","5/396","30/18870",0.000366931912704014,0.0234695296471837,0.0211394377237981,"SHLD3/INO80/ERCC4/TERF2IP/INO80D",5
"BP","GO:0031023","microtubule organizing center organization","11/396","154/18870",0.000416772821566519,0.0257571425934262,0.0231999328483372,"PCLAF/HAUS2/PLK1/CCNL1/CEP76/KIF11/CHMP2B/AURKA/ATF5/CNTROB/CHORDC1",11
"BP","GO:0007052","mitotic spindle organization","10/396","130/18870",0.000421554033022872,0.0257571425934262,0.0231999328483372,"STAG1/PIBF1/SBDS/PLK1/DLGAP5/KIF11/CHMP2B/DRG1/AURKA/BIRC5",10
"BP","GO:0009416","response to light stimulus","17/396","318/18870",0.000425929898568383,0.0257571425934262,0.0231999328483372,"SLC7A11/PCLAF/FOS/CREBBP/DTL/H2AC25/INO80/TRIAP1/BRAF/ID2/CCDC66/HUS1/PER2/RGS14/ERCC4/EP300/ELANE",17
"BP","GO:1902570","protein localization to nucleolus","4/396","18/18870",0.000462897769299202,0.0274928210837348,0.0247632904403295,"RPF2/PINX1/NMD3/UTP25",4
"BP","GO:0006356","regulation of transcription by RNA polymerase I","6/396","48/18870",0.00047914936873825,0.0279587859723407,0.0251829935997979,"CREBBP/DDX21/ZMPSTE24/WDR43/UTP15/DEDD",6
"BP","GO:0051225","spindle assembly","10/396","133/18870",0.000505184603109806,0.0289697239645382,0.026093564073512,"STAG1/PIBF1/HAUS2/INO80/PLK1/KIF11/CHMP2B/DRG1/AURKA/BIRC5",10
"BP","GO:0035966","response to topologically incorrect protein","11/396","159/18870",0.000546156806625361,0.0307884328616263,0.0277317086825295,"CREBRF/ATF3/HSPA6/HSPH1/AKIRIN2/DDIT3/PPP1R15A/DNAJB2/KLHL15/DNAJA1/VAPB",11
"BP","GO:0006305","DNA alkylation","6/396","50/18870",0.000598996940707817,0.0323012503776001,0.0290943312892521,"FOS/PPM1D/ZMPSTE24/ARID4A/PAX6/EZH2",6
"BP","GO:0006306","DNA methylation","6/396","50/18870",0.000598996940707817,0.0323012503776001,0.0290943312892521,"FOS/PPM1D/ZMPSTE24/ARID4A/PAX6/EZH2",6
"BP","GO:0000018","regulation of DNA recombination","10/396","136/18870",0.000602127938488035,0.0323012503776001,0.0290943312892521,"SHLD3/H1-2/IL27RA/EPC1/ING3/KPNA2/HELQ/KLHL15/H1-0/TERF2IP",10
"BP","GO:0031503","protein-containing complex localization","12/396","188/18870",0.000639477953839996,0.0337603757852671,0.0304085924248727,"DYNC2H1/DYNLL1/LSG1/NMD3/AKIRIN2/NUP88/HRAS/IFT57/LTV1/BIRC5/NPTN/ABCE1",12
"BP","GO:0045088","regulation of innate immune response","20/396","425/18870",0.000702898001516791,0.0359036359815808,0.0323390663681929,"NR1D1/PSPC1/CREBBP/DUSP10/USP15/TMEM126A/ISG15/SFPQ/NECTIN2/AKIRIN2/GPATCH3/ANKRD17/CD160/PPP2CA/POLR3C/NFKBIA/EP300/GPS2/RSAD2/AP3B1",20
"BP","GO:0002097","tRNA wobble base modification","4/396","20/18870",0.000708993834348643,0.0359036359815808,0.0323390663681929,"ALKBH1/ALKBH8/CTU2/DPH3",4
"BP","GO:0090307","mitotic spindle assembly","7/396","71/18870",0.000712459403122169,0.0359036359815808,0.0323390663681929,"STAG1/PIBF1/PLK1/KIF11/CHMP2B/DRG1/BIRC5",7
"BP","GO:1904263","positive regulation of TORC1 signaling","6/396","52/18870",0.000740881541508099,0.0367786866724767,0.0331272406462223,"FLCN/LAMTOR3/RRAGC/SIK3/WAC/EP300",6
"BP","GO:0001510","RNA methylation","8/396","93/18870",0.000754755400977717,0.036916418583116,0.0332512983155199,"TFB2M/ALKBH8/TRMT13/TRMO/NOP2/METTL16/RBM15/TRMT6",8
"BP","GO:0043392","negative regulation of DNA binding","5/396","35/18870",0.000767020920996836,0.0369726316410938,0.0333019304524332,"JUN/DDIT3/PER2/ERCC4/NFKBIA",5
"BP","GO:0033673","negative regulation of kinase activity","12/396","193/18870",0.000805832892802856,0.0382885743066043,0.0344872242543899,"AKT1S1/DUSP10/PLK1/LATS1/DUSP1/PRKRIP1/RGS14/DUSP16/PPM1E/LRP6/PRDX3/DNAJA1",12
"BP","GO:0002833","positive regulation of response to biotic stimulus","18/396","369/18870",0.000853659294359186,0.0398012251670752,0.0358496967514308,"NR1D1/PSPC1/CREBBP/USP15/TMEM126A/SFPQ/NECTIN2/AKIRIN2/GPATCH3/ANKRD17/CD160/PPP2CA/POLR3C/NFKBIA/EP300/GPS2/RSAD2/AP3B1",18
"BP","GO:0007088","regulation of mitotic nuclear division","9/396","118/18870",0.000861601987982385,0.0398012251670752,0.0358496967514308,"NUSAP1/ZWINT/CDCA2/MAD2L1BP/PLK1/DUSP1/DLGAP5/AURKA/BIRC5",9
"BP","GO:0000462","maturation of SSU-rRNA from tricistronic rRNA transcript (SSU-rRNA, 5.8S rRNA, LSU-rRNA)","5/396","36/18870",0.000875573122402213,0.0398925507549282,0.035931955390868,"UTP20/UTP4/WDR46/WDR43/UTP25",5
"BP","GO:0006310","DNA recombination","17/396","340/18870",0.000900620641759813,0.040241452479429,0.036246217601815,"SHLD3/H1-2/IL27RA/EPC1/INO80/SFPQ/ING3/HUS1/KPNA2/HELQ/ERCC4/KLHL15/TOP2A/H1-0/TERF2IP/SUPV3L1/INO80D",17
"BP","GO:0046605","regulation of centrosome cycle","6/396","54/18870",0.000907429024641364,0.040241452479429,0.036246217601815,"CCNL1/CEP76/CHMP2B/AURKA/ATF5/CHORDC1",6
"BP","GO:0051348","negative regulation of transferase activity","13/396","225/18870",0.000979232229245595,0.0426024224187115,0.0383727867214143,"AKT1S1/DUSP10/PLK1/LATS1/PINX1/DUSP1/PRKRIP1/RGS14/DUSP16/PPM1E/LRP6/PRDX3/DNAJA1",13
"BP","GO:2000234","positive regulation of rRNA processing","3/396","10/18870",0.000986285786602761,0.0426024224187115,0.0383727867214143,"WDR43/RIOK1/UTP15",3
"BP","GO:0051053","negative regulation of DNA metabolic process","10/396","146/18870",0.00104258624468318,0.044456946792516,0.0400431909901259,"SHLD3/H1-2/FLCN/DNAJC2/PINX1/NUDT16L1/ERCC4/KLHL15/H1-0/TERF2IP",10
"BP","GO:0000280","nuclear division","20/396","441/18870",0.00110361631758207,0.0464636439528855,0.0418506600911201,"STAG1/NUSAP1/PIBF1/ZWINT/CDCA2/INO80/MAD2L1BP/PLK1/PINX1/KIF18A/DUSP1/DLGAP5/ERCC4/UBE2S/TOP2A/KIF11/CHMP2B/DRG1/AURKA/BIRC5",20
"CC","GO:0016607","nuclear speck","27/401","417/19886",1.14736561008134e-07,4.93367212334978e-05,4.4203769819976e-05,"CMYA5/PSPC1/SRSF3/NXF1/ABITRAM/DDX39A/SFPQ/PRPF3/BRD2/CCNL1/SGK1/WAC/SRSF6/CWC22/CHTOP/PRCC/NOC3L/RCHY1/RBM15/PPP4R3B/YTHDC1/EAF1/CWC25/HBP1/BCLAF1/SRSF1/ATP6V0A1",27
"CC","GO:0030684","preribosome","13/401","109/19886",3.04929047416503e-07,6.55597451945481e-05,5.87389638707579e-05,"PNO1/UTP20/UTP4/UTP14A/SRFBP1/NOP58/LTV1/WDR46/WDR43/RIOK1/RPS19BP1/UTP25/UTP15",13
"CC","GO:0032040","small-subunit processome","10/401","74/19886",2.26180956719509e-06,0.000324192704631296,0.000290463965471369,"PNO1/UTP20/UTP4/UTP14A/NOP58/WDR46/WDR43/RPS19BP1/UTP25/UTP15",10
"CC","GO:0005681","spliceosomal complex","16/401","205/19886",4.40719650044472e-06,0.000473773623797807,0.000424482610305991,"BUD31/TXNL4B/TRA2A/TRA2B/PRPF3/WAC/PTBP2/PRKRIP1/CWC22/PRPF39/PRPF38B/CWC25/PPIL1/SUGP1/ZCCHC8/SRSF1",16
"CC","GO:0005819","spindle","24/401","431/19886",8.03212621976107e-06,0.000690762854899452,0.000618896462406853,"RASSF1/AFG2B/STAG1/FLCN/NUSAP1/SBDS/HAUS2/DYNLL1/INO80/MAD2L1BP/PLK1/LATS1/PINX1/KIF18A/TRAT1/DLGAP5/RGS14/KIF11/KATNA1/CHMP2B/PPP2CA/AURKA/KBTBD8/BIRC5",24
"CC","GO:0001650","fibrillar center","13/401","150/19886",1.13357607169851e-05,0.000812396184717263,0.000727875161827462,"NUFIP1/THAP1/PSPC1/POLR1C/UTP4/TIMM44/IP6K1/NOP58/YY1AP1/GAR1/WDR43/UTP15/RSAD2",13
"CC","GO:0000775","chromosome, centromeric region","16/401","258/19886",7.52065048912387e-05,0.00461982815760466,0.00413918508123209,"STAG1/ZWINT/DYNLL1/H2BC11/PLK1/PINX1/KIF18A/FBXO28/H4C5/TOP2A/EZH2/CHMP2B/PPP2CA/AURKA/BIRC5/CENPU",16
"CC","GO:0017053","transcription repressor complex","8/401","77/19886",0.000159294417590897,0.00856207494551072,0.00767128379450899,"RELB/MXD1/AKIRIN2/LIN52/ARID4A/GPS2/ELANE/H1-0",8
"CC","GO:0031965","nuclear membrane","17/401","311/19886",0.000209044513510197,0.00953842499974541,0.00854605520173029,"IFI27/AEN/RRP12/DTL/DNAJC2/TRA2B/EPC1/ZMPSTE24/MAD2L1BP/ALG14/STX1A/ANKRD17/MX1/KPNA2/DNAJB2/RBM15/NUDT9",17
"CC","GO:0005874","microtubule","22/401","467/19886",0.000221823837203382,0.00953842499974541,0.00854605520173029,"RASSF1/NUSAP1/DYNC2H1/HSPH1/HAUS2/DYNLL1/INO80/WHAMM/PLK1/CCDC66/KIF18A/DNAL1/MX1/RGS14/KIF11/KATNA1/WDR47/GABARAPL1/CHMP2B/AURKA/BIRC5/SYNJ1",22
"CC","GO:0072686","mitotic spindle","12/401","184/19886",0.000371751199359087,0.0141153100375808,0.0126467649296318,"STAG1/FLCN/NUSAP1/HAUS2/DYNLL1/PLK1/KIF18A/TRAT1/DLGAP5/KIF11/KATNA1/AURKA",12
"CC","GO:0000786","nucleosome","10/401","134/19886",0.000393915628955743,0.0141153100375808,0.0126467649296318,"H2AC6/H1-2/H2AC25/EPC1/H2BC21/H2BC11/ING3/H2BC5/H4C5/H1-0",10
"CC","GO:0098687","chromosomal region","19/401","399/19886",0.000515191027773238,0.0170409339955763,0.0152680094060733,"STAG1/ZWINT/DYNLL1/H2BC11/PLK1/PINX1/KIF18A/FBXO28/H4C5/ERCC4/GAR1/TOP2A/EZH2/CHMP2B/PPP2CA/AURKA/BIRC5/CENPU/TERF2IP",19
"CC","GO:0000220","vacuolar proton-transporting V-type ATPase, V0 domain","3/401","10/19886",0.000878885431347695,0.0246795891326891,0.0221119452204754,"RNASEK/ATP6V0B/ATP6V0A1",3
"CC","GO:1990877","FNIP-folliculin RagC/D GAP","3/401","10/19886",0.000878885431347695,0.0246795891326891,0.0221119452204754,"FLCN/LAMTOR3/RRAGC",3
"CC","GO:0000922","spindle pole","11/401","176/19886",0.000918310293309363,0.0246795891326891,0.0221119452204754,"RASSF1/STAG1/SBDS/PLK1/LATS1/DLGAP5/RGS14/KIF11/KATNA1/PPP2CA/AURKA",11
"CC","GO:1902773","GTPase activator complex","3/401","11/19886",0.00119045029445404,0.0296698869820144,0.0265830566350484,"FLCN/LAMTOR3/RRAGC",3
"CC","GO:0015030","Cajal body","7/401","81/19886",0.00124199526901456,0.0296698869820144,0.0265830566350484,"PRPF3/NOP58/LSG1/GAR1/EAF1/HINFP/ZNF473",7
"CC","GO:0033179","proton-transporting V-type ATPase, V0 domain","3/401","12/19886",0.00156362618390726,0.0353873294252696,0.031705661125211,"RNASEK/ATP6V0B/ATP6V0A1",3
"CC","GO:0090575","RNA polymerase II transcription regulator complex","13/401","254/19886",0.00204240679233965,0.0439117460353024,0.0393432045261216,"JUN/ATF3/FOS/GTF2H1/TCF7L2/SFPQ/ATF1/DDIT3/TAF2/RARA/JUNB/ATF5/MAFF",13
"CC","GO:0000228","nuclear chromosome","12/401","228/19886",0.00238204877998972,0.0487752845426467,0.0437007445351498,"JUN/NUFIP1/INO80/PLK1/PINX1/ING3/HUS1/ARID4A/TOP2A/BIRC5/TERF2IP/INO80D",12
"CC","GO:0000776","kinetochore","10/401","171/19886",0.00253003593581133,0.0491943361353338,0.044076198348916,"ZWINT/DYNLL1/PLK1/PINX1/KIF18A/FBXO28/CHMP2B/AURKA/BIRC5/CENPU",10
"CC","GO:0005635","nuclear envelope","20/401","494/19886",0.002631324956076,0.0491943361353338,0.044076198348916,"IFI27/AEN/RRP12/DTL/DNAJC2/NXF1/TRA2B/EPC1/ZMPSTE24/MAD2L1BP/ALG14/STX1A/ANKRD17/MX1/KPNA2/DNAJB2/NUP88/CHMP2B/RBM15/NUDT9",20
"MF","GO:0140098","catalytic activity, acting on RNA","26/400","395/18496",5.37559179594617e-07,0.000297270226315823,0.000260291813277393,"TYW1B/TFB2M/ALKBH1/POLR1C/ALKBH8/RNASEK/TRMT13/DDX21/DDX39A/TRIT1/TRMO/DHX29/DUS3L/ZC3H12A/NOP2/DDX10/YARS2/RPP30/DDX27/METTL16/CRCP/PTRH2/POLR3C/DXO/SUPV3L1/DDX52",26
"MF","GO:0008330","protein tyrosine/threonine phosphatase activity","4/400","10/18496",4.0813615734392e-05,0.00752330983370626,0.00658746078520012,"DUSP8/DUSP10/DUSP1/DUSP16",4
"MF","GO:0033550","MAP kinase tyrosine phosphatase activity","4/400","10/18496",4.0813615734392e-05,0.00752330983370626,0.00658746078520012,"DUSP8/DUSP10/DUSP1/DUSP16",4
"MF","GO:0030515","snoRNA binding","6/400","32/18496",5.54476699182928e-05,0.00760886422143244,0.00666237278358984,"NUFIP1/DDX21/NOP58/NUDT16L1/GAR1/UTP25",6
"MF","GO:0017018","myosin phosphatase activity","9/400","82/18496",6.87962407001125e-05,0.00760886422143244,0.00666237278358984,"DUSP8/DUSP10/PPM1D/DUSP1/DUSP12/DUSP16/PPP2CA/PPM1E/CDKN3",9
"MF","GO:0017017","MAP kinase tyrosine/serine/threonine phosphatase activity","4/400","13/18496",0.000131973722349707,0.0121635780765646,0.0106505109264676,"DUSP8/DUSP10/DUSP1/DUSP16",4
"MF","GO:0004722","protein serine/threonine phosphatase activity","9/400","100/18496",0.000317540264573809,0.0239931154320803,0.0210085335466963,"DUSP8/DUSP10/PPM1D/DUSP1/DUSP12/DUSP16/PPP2CA/PPM1E/CDKN3",9
"MF","GO:0008138","protein tyrosine/serine/threonine phosphatase activity","6/400","44/18496",0.000347097510771505,0.0239931154320803,0.0210085335466963,"DUSP8/DUSP10/DUSP1/DUSP12/DUSP16/CDKN3",6
"MF","GO:0033549","MAP kinase phosphatase activity","4/400","18/18496",0.00051840502591831,0.0271087840761656,0.0237366340059697,"DUSP8/DUSP10/DUSP1/DUSP16",4
"MF","GO:0140101","catalytic activity, acting on a tRNA","10/400","131/18496",0.000565332261664371,0.0271087840761656,0.0237366340059697,"TYW1B/ALKBH1/ALKBH8/TRMT13/TRIT1/TRMO/DUS3L/YARS2/RPP30/PTRH2",10
"MF","GO:0043022","ribosome binding","9/400","109/18496",0.000600434018913127,0.0271087840761656,0.0237366340059697,"SBDS/DNAJC2/EIF1/NMD3/DHX29/ZC3H12A/SEC61A2/LTN1/ABCE1",9
"MF","GO:0060590","ATPase regulator activity","6/400","49/18496",0.000627913553264538,0.0271087840761656,0.0237366340059697,"HSPH1/DNAJC2/HSPBP1/DNAJB2/BAG1/DNAJA1",6
"MF","GO:0015631","tubulin binding","19/400","379/18496",0.000637277021682013,0.0271087840761656,0.0237366340059697,"NUSAP1/HSPH1/SBDS/INO80/WHAMM/PLK1/CCDC66/KIF18A/DNAL1/MX1/DLGAP5/RGS14/KIF11/KATNA1/GABARAPL1/DRG1/ATF5/BIRC5/VAPB",19
"MF","GO:0043021","ribonucleoprotein complex binding","11/400","168/18496",0.00109964968203477,0.0410067489269181,0.0359057856788471,"AFG2B/SBDS/DNAJC2/EIF1/NMD3/DHX29/ZC3H12A/SEC61A2/LTN1/EZH2/ABCE1",11
"MF","GO:0031490","chromatin DNA binding","9/400","120/18496",0.00119692266627639,0.0410067489269181,0.0359057856788471,"H1-2/CREBBP/KDM6A/GRHL1/PAX6/RARA/EZH2/EP300/H1-0",9
"MF","GO:0030527","structural constituent of chromatin","8/400","97/18496",0.001206385182685,0.0410067489269181,0.0359057856788471,"H2AC6/H1-2/H2AC25/H2BC21/H2BC11/H2BC5/H4C5/H1-0",8
"MF","GO:0003724","RNA helicase activity","7/400","76/18496",0.00127322276559748,0.0410067489269181,0.0359057856788471,"DDX21/DDX39A/DHX29/DDX10/DDX27/SUPV3L1/DDX52",7
"MF","GO:0046982","protein heterodimerization activity","17/400","344/18496",0.0014117856769891,0.0410067489269181,0.0359057856788471,"H2AC6/AOC3/ATF3/KRT10/H2AC25/H2BC21/H2BC11/RRAGC/DDIT3/H2BC5/H4C5/ABTB2/TOP2A/KATNA1/PPP2CA/AURKA/VAPB",17
"MF","GO:0061629","RNA polymerase II-specific DNA-binding transcription factor binding","17/400","344/18496",0.0014117856769891,0.0410067489269181,0.0359057856788471,"JUN/IFI27/BUD31/FOS/GTF2H1/CREBBP/CCDC62/TCF7L2/LATS1/MED13/ID2/DDIT3/GABARAPL1/TOB2/NFKBIA/EP300/DNAJA1",17
"MF","GO:0008186","ATP-dependent activity, acting on RNA","7/400","78/18496",0.00148306506064803,0.0410067489269181,0.0359057856788471,"DDX21/DDX39A/DHX29/DDX10/DDX27/SUPV3L1/DDX52",7
"MF","GO:0016887","ATP hydrolysis activity","19/400","412/18496",0.0016925451976259,0.0442932600211827,0.0387834769386962,"ABCC2/AFG2B/HSPA6/DYNC2H1/DDX21/DDX39A/INO80/KIF18A/CHD2/DHX29/DDX10/DDX27/HELQ/KATNA1/HSPA14/GET3/ABCE1/SUPV3L1/DDX52",19
"MF","GO:0001098","basal transcription machinery binding","6/400","60/18496",0.00184221515458807,0.0442932600211827,0.0387834769386962,"PCF11/SCAF8/NOP58/WAC/ERCC4/WDR43",6
"MF","GO:0001099","basal RNA polymerase II transcription machinery binding","6/400","60/18496",0.00184221515458807,0.0442932600211827,0.0387834769386962,"PCF11/SCAF8/NOP58/WAC/ERCC4/WDR43",6
