Gen,Frecuencia
NP,27
tnpA,26
dmsB,25
oadA,24
hypA,24
cspE,18
sthA,18
ccmA,16
ccmB,16
ccmD,16
ccmE,16
dsbE,16
ilvN,16
rbsK,16
fucP,16
mgtA,16
araD,16
ulaD,16
asd,16
glgX,16
trpS,16
tuf,16
pflB,16
tkt,16
rarD,16
fucO,16
flhA,16
hypC,16
sseB,16
sseA,16
tal,16
pta,16
serB,16
ompC,16
mrdA,16
ftsI,16
narH,16
narI,16
fdnG,16
fdxH,16
osmY,16
bioD,16
cydB,16
citC,16
citD,16
citE,16
citF,16
citX,16
citG,16
leuD,16
leuC,16
arcA,16
argF,16
radC,15
ilvD,13
folP,13
pfkB,13
ptsP,13
adhE,12
dmsD,11
pnuC,11
dagF,10
stdB,10
arsC,10
cpsG,10
ptsG,10
artJ,10
lysC,10
intI1,10
VP35,10
VP40,10
GP,10
sGP,10
ssGP,10
VP30,10
VP24,10
L,10
gpG,9
mdtD,9
rfbA,9
rdgC,9
glpX,9
dnaA,8
dnaN,8
recF,8
gyrB,8
yidA,8
torS,8
torT,8
torR,8
torC,8
torA,8
torD,8
ibpA,8
ibpB,8
dsdA,8
dsdX,8
dsdC,8
emrD,8
tisB,8
ivbL,8
ilvB,8
uhpA,8
uhpB,8
uhpT,8
nepI,8
dagR,8
dgaE,8
mgtR,8
cigR,8
misL,8
yicI,8
xanP,8
gltS,8
recG,8
trmH,8
spoT,8
rpoZ,8
gmk,8
ligB,8
rph,8
pyrE,8
slmA,8
dut,8
coaBC,8
rpmB,8
rpmG,8
mutM,8
coaD,8
waaA,8
rfaQ,8
rfaP,8
waaB,8
waaO,8
rfaJ,8
rfaY,8
waaZ,8
rfaL,8
rfaC,8
rfaF,8
rfaD,8
kbl,8
tdh,8
envC,8
gpmM,8
grxC,8
secB,8
gpsA,8
cysE,8
trmL,8
lldD,8
lldR,8
lldP,8
mtlR,8
mtlD,8
mtlA,8
selA,8
selB,8
aldB,8
yiaN,8
yiaM,8
yiaK,8
yiaJ,8
avtA,8
xylA,8
xylB,8
glyQ,8
glyS,8
cueP,8
ghrB,8
tag,8
lpfA,8
lpfB,8
lpfC,8
lpfD,8
lpfE,8
eptB,8
dppB,8
dppC,8
dppD,8
dppF,8
bcsG,8
bcsF,8
bcsE,8
bcsQ,8
bcsA,8
bcsB,8
bcsZ,8
bcsC,8
hmsP,8
dctA,8
pdeH,8
yhjD,8
fraB,8
fraD,8
fraE,8
gorA,8
prlC,8
rsmJ,8
dtpB,8
uspA,8
uspB,8
pitA,8
rbbA,8
nikR,8
acpT,8
tusA,8
zntA,8
rsmD,8
ftsY,8
ftsE,8
ftsX,8
rpoH,8
livJ,8
panM,8
livK,8
livH,8
livM,8
livG,8
livF,8
ugpB,8
ugpA,8
ugpE,8
ugpQ,8
ggt,8
yhhY,8
gntR,8
gntK,8
gntU,8
glgB,8
glgC,8
glgA,8
glgP,8
glpD,8
glpE,8
glpG,8
rtcR,8
rtcB,8
rtcA,8
malT,8
malP,8
malQ,8
gntT,8
nfuA,8
gntX,8
bioH,8
feoC,8
feoB,8
feoA,8
greB,8
ompR,8
envZ,8
pckA,8
hslO,8
hslR,8
yrfG,8
igaA,8
nudE,8
mrcA,8
hofQ,8
aroK,8
aroB,8
damX,8
dam,8
rpe,8
gph,8
cysG,8
nirC,8
nirD,8
nirB,8
tsgA,8
ppiA,8
pabA,8
crp,8
kefG,8
kefB,8
slyD,8
fkpA,8
tusD,8
tusC,8
tusB,8
rpsL,8
rpsG,8
fusA,8
bfd,8
bfr,8
hopD,8
rpsJ,8
rplC,8
rplD,8
rplW,8
rplB,8
rpsS,8
rplV,8
rpsC,8
rplP,8
rpmC,8
rpsQ,8
rplN,8
rplX,8
rplE,8
rpsN,8
rpsH,8
rplF,8
rplR,8
rpsE,8
rpmD,8
rplO,8
secY,8
rpmJ,8
rpsM,8
rpsK,8
rpsD,8
rplQ,8
zntR,8
mscL,8
trkA,8
rsmB,8
fmt,8
def,8
dprA,8
smg,8
tsaC,8
aroE,8
envR,8
yhdJ,8
fis,8
dusB,8
prmA,8
panF,8
accC,8
accB,8
msrQ,8
msrP,8
csrD,8
mreB,8
mreC,8
mreD,8
rng,8
yhdP,8
tldD,8
aaeR,8
aaeA,8
aaeB,8
yhcN-B,8
yhcN,8
argR,8
mdh,8
ttdA,8
ttdB,8
degS,8
degQ,8
rplM,8
rpsI,8
sspA,8
sspB,8
nanR,8
nanA,8
nanT,8
nanK,8
codB,8
gltD,8
gltB,8
arcB,8
elbB,8
mtgA,8
yrbL,8
npr,8
rapZ,8
ptsN,8
hpf,8
rpoN,8
lptB,8
lptA,8
lptC,8
kdsC,8
kdsD,8
mlaF,8
mlaE,8
mlaD,8
mlaC,8
mlaB,8
ibaG,8
murA,8
sfsB,8
ispB,8
rplU,8
rpmA,8
cgtA,8
dacB,8
greA,8
yhbY,8
rlmE,8
ftsH,8
glmM,8
secG,8
argG,8
rimP,8
nusA,8
infB,8
rbfA,8
truB,8
rpsO,8
pnp,8
nlpI,8
yrbN,8
deaD,8
mtr,8
yhbO,8
diaA,8
rsmI,8
gatD,8
gatB,8
gatA,8
gatZ,8
garD,8
garL,8
garR,8
garK,8
tdcA,8
tdcB,8
tdcC,8
tdcD,8
tdcG,8
yhaJ,8
mzrA,8
sstT,8
rlmG,8
ygjG,8
mug,8
rpoD,8
dnaG,8
rpsU,8
tsaD,8
plsY,8
folB,8
bacA,8
glnE,8
hldE,8
glgS,8
ubiK,8
ribB,8
dsbI,8
zupT,8
ygiD,8
tolC,8
nudF,8
cpdA,8
yqiA,8
parE,8
qseC,8
qseB,8
parC,8
plsC,8
ftsP,8
dkgA,8
yqhD,8
metC,8
exbB,8
exbD,8
hybO,8
hybA,8
hybB,8
hybC,8
hybE,8
hybG,8
yghU,8
gss,8
uxaC,8
uxuA,8
iraD,8
mltC,8
mutY,8
trmB,8
ansB,8
hemW,8
yggU,8
ruvX,8
gshB,8
rsmE,8
endA,8
galP,8
metK,8
yqgB,8
speA,8
speB,8
epd,8
pgk,8
fbaA,8
argO,8
argP,8
rpiA,8
serA,8
zapA,8
pepP,8
ubiH,8
ubiI,8
gcvT,8
gcvH,8
gcvP,8
bglA,8
yqfB,8
ygfZ,8
sdhE,8
fldB,8
xerD,8
dsbC,8
recJ,8
prfB,8
lysS,8
idi,8
vapC,8
stdC,8
rcnR,8
kduI,8
kduD,8
araE,8
lysA,8
galR,8
aas,8
lplT,8
mutH,8
rppH,8
lgt,8
thyA,8
recC,8
ptrA,8
recB,8
recD,8
argA,8
amiC,8
mltA,8
tcdA,8
csdE,8
csdA,8
gcvA,8
rlmM,8
fucR,8
fucU,8
fucK,8
fucI,8
fucA,8
xni,8
sdaB,8
sdaC,8
ppnN,8
queF,8
syd,8
truC,8
gudP,8
gudD,8
barA,8
rlmD,8
relA,8
mazG,8
pyrG,8
eno,8
queE,8
queD,8
cysJ,8
cysI,8
cysH,8
sopD,8
casA,8
casB,8
cas7e,8
cas5e,8
cas6e,8
cas1e,8
cysD,8
cysN,8
cysC,8
ftsB,8
ispD,8
ispF,8
truD,8
surE,8
nlpD,8
rpoS,8
mutS,8
invH,8
invF,8
invG,8
invE,8
invA,8
spaK,8
invC,8
spaM,8
spaN,8
spaO,8
spaP,8
spaQ,8
spaR,8
spaS,8
sicA,8
sipB,8
sipC,8
sipD,8
sipA,8
sicP,8
sptP,8
iagB,8
hilA,8
hilD,8
prgH,8
prgI,8
prgJ,8
prgK,8
orgA,8
orgB,8
hilC,8
sprB,8
avrA,8
sitD,8
sitC,8
sitB,8
sitA,8
hypE,8
hypD,8
hypB,8
hycA,8
hycB,8
hycC,8
hycE,8
hycF,8
hycG,8
hycI,8
hydN,8
hypF,8
norW,8
norV,8
norR,8
gutQ,8
srlR,8
gutM,8
srlD,8
srlB,8
srlA,8
mltB,8
pncC,8
recA,8
recX,8
alaS,8
csrA,8
yqaB,8
gshA,8
luxS,8
emrB,8
emrA,8
mprA,8
proX,8
proW,8
proV,8
nrdF,8
nrdE,8
nrdI,8
nrdH,8
alaE,8
stpA,8
lysM,8
csiR,8
gabP,8
gabT,8
gabD,8
lhgO,8
tctD,8
pipB2,8
iroC,8
iroB,8
bapA,8
smpB,8
bamE,8
recN,8
nadK,8
grpE,8
ffh,8
rpsP,8
rimM,8
trmD,8
rplS,8
dgcN,8
aroF,8
tyrA,8
pheA,8
pheL,8
raiA,8
bamD,8
rluD,8
clpB,8
pssA,8
pat,8
tapT,8
trxC,8
ung,8
grcA,8
eamB,8
srmB,8
trmN,8
nadB,8
rseD,8
rpoE,8
rseA,8
rseB,8
rseC,8
xis,8
lepA,8
lepB,8
rnc,8
era,8
recO,8
pdxJ,8
acpS,8
murQ,8
yfhb,8
tadA,8
mltF,8
purL,8
qseE,8
qseG,8
glrR,8
glnB,8
dtpD,8
cadA,8
cadB,8
cadC,8
hmpA,8
csiE,8
asrC,8
asrB,8
asrA,8
suhB,8
trmJ,8
iscR,8
iscS,8
iscU,8
iscA,8
hscB,8
hscA,8
fdx,8
iscX,8
pepB,8
pbpC,8
ndk,8
rodZ,8
ispG,8
hisS,8
bamB,8
der,8
sinH,8
ratA,8
shdA,8
xseA,8
guaB,8
guaA,8
ppx,8
ppk1,8
purN,8
purM,8
upp,8
uraA,8
bepA,8
bcp,8
dapA,8
bamC,8
tmcA,8
dapE,8
ypfM,8
acrD,8
narQ,8
aegA,8
pbp4b,8
nudK,8
maeB,8
eutS,8
eutP,8
eutQ,8
eutT,8
eutM,8
eutN,8
eutJ,8
eutG,8
eutH,8
eutA,8
eutB,8
eutC,8
eutL,8
eutK,8
eutR,8
hemF,8
amiA,8
yfeX,8
ucpA,8
cysP,8
cysT,8
cysW,8
cysA,8
cysM,8
ptsJ,8
pdxK,8
crr,8
ptsI,8
ptsH,8
cysK,8
cysZ,8
zipA,8
ligA,8
xapA,8
gltX,8
nupC,8
mgrA,8
glk,8
alaC,8
ypdK,8
lpxP,8
pgtP,8
pgtC,8
pgtB,8
pgtA,8
pgtE,8
mlaA,8
fadL,8
fadI,8
fadJ,8
sixA,8
smrB,8
prmB,8
aroC,8
mepA,8
mnmC,8
fabB,8
flk,8
pdxB,8
truA,8
accD,8
folC,8
dedD,8
cvpA,8
purF,8
argT,8
hisJ,8
hisM,8
hisP,8
yfcG,8
yfcF,8
yfcE,8
yfcD,8
yfcC,8
ackA,8
yfbR,8
alaA,8
lrhA,8
nuoA,8
nuoB,8
nuoC,8
nuoE,8
nuoF,8
nuoG,8
nuoH,8
nuoI,8
nuoJ,8
nuoK,8
nuoL,8
nuoM,8
nuoN,8
rbn,8
elaB,8
menF,8
menD,8
menH,8
menB,8
menC,8
menE,8
pmrD,8
arnF,8
arnE,8
arnT,8
arnA,8
arnC,8
arnB,8
pmrG,8
nudI,8
rhmD,8
yfaU,8
sseL,8
glpC,8
glpB,8
glpA,8
glpT,8
glpQ,8
yfaE,8
nrdB,8
nrdA,8
gyrA,8
rcsC,8
rcsB,8
rcsD,8
apbE,8
ada,8
alkB,8
eco,8
napF,8
napD,8
napA,8
napG,8
napH,8
napB,8
napC,8
narP,8
pagL,8
yejM,8
yejK,8
rplY,8
rsuA,8
yejF,8
mepS,8
yeiP,8
setB,8
fruB,8
fruK,8
fruA,8
nfo,8
lysP,8
cirA,8
fghA,8
folE,8
galS,8
mglB,8
mglA,8
mglC,8
preA,8
sanA,8
cdd,8
gtdA,8
maiA,8
dusC,8
mdtQ,8
pbpG,8
dld,8
bglX,8
mlrA,8
btsR,8
metG,8
apbC,8
rcnB,8
thiM,8
thiD,8
fbaB,8
yegS,8
steD,8
sseK2,8
yegQ,8
baeR,8
baeS,8
mdtC,8
mdtB,8
mdtA,8
yegD,8
alkA,8
udk,8
dcd,8
asmA,8
wzb,8
wzc,8
wcaA,8
wcaB,8
wcaC,8
wcaD,8
wcaE,8
wcaF,8
gmd,8
wcaI,8
cpsB,8
wcaJ,8
wzxC,8
wcaK,8
wcaL,8
wcaM,8
galF,8
gndA,8
ugd,8
wzzB,8
hisIE,8
hisF,8
hisA,8
hisH,8
hisB,8
hisC,8
hisD,8
hisG,8
hisL,8
yoeI,8
plaP,8
sbcB,8
sopA,8
phsA,8
phsB,8
dacD,8
sbmC,8
pduX,8
pduW,8
pduV,8
pduU,8
pduT,8
pduS,8
pduQ,8
pduP,8
pduO,8
pduN,8
pduM,8
pduK,8
pduJ,8
pduH,8
pduG,8
pduE,8
pduD,8
pduC,8
pduB,8
pduA,8
pduF,8
pocR,8
cbiB,8
cbiD,8
cbiG,8
cbiM,8
cobU,8
cobS,8
cobT,8
ldtA,8
arsA,8
mtfA,8
drpB,8
yedA,8
yodD,8
dsrB,8
rcsA,8
fliR,8
fliQ,8
fliP,8
fliO,8
fliN,8
fliM,8
fliL,8
fliK,8
fliJ,8
fliI,8
fliH,8
fliG,8
fliF,8
fliE,8
yedF,8
yedE,8
amyA,8
fliT,8
fliS,8
fliD,8
fliB,8
fliZ,8
tcyJ,8
dcyD,8
tcyL,8
sdiA,8
uvrY,8
uvrC,8
pgsA,8
tyrP,8
ftnA,8
araH,8
otsB,8
otsA,8
uspC,8
flhD,8
flhC,8
motA,8
motB,8
cheA,8
cheW,8
tar,8
cheR,8
cheB,8
cheY,8
cheZ,8
flhB,8
argS,8
cutC,8
cmoB,8
cmoA,8
aspS,8
nudB,8
ruvC,8
ruvA,8
ruvB,8
znuB,8
znuC,8
znuA,8
mepM,8
lpxM,8
pyk,8
zwf,8
edd,8
kdgA,8
purT,8
yebG,8
ptrB,8
exoX,8
yobA,8
copD,8
sopE2,8
pphA,8
rsmF,8
yebS,8
proQ,8
prc,8
htpX,8
kdgR,8
yobH,8
mgrB,8
rlmA,8
mntP,8
manY,8
manX,8
yoaE,8
sdaA,8
pabB,8
tsaB,8
fadD,8
rnd,8
minE,8
minD,8
minC,8
dsbB,8
nhaB,8
fadR,8
dadX,8
ldcA,8
emtA,8
ycgR,8
cbdX,8
appB,8
appC,8
hyaE,8
hyaC,8
hyaB,8
ychF,8
pth,8
ychH,8
dauA,8
prs,8
ispE,8
lolB,8
hemA,8
prfA,8
prmC,8
sirB1,8
kdsA,8
chaA,8
chaB,8
narL,8
narX,8
narK,8
narJ,8
purU,8
rssA,8
rssB,8
galU,8
hns,8
tdk,8
oppA,8
oppB,8
oppC,8
oppF,8
cls,8
tonB,8
yciA,8
ompW,8
trpA,8
trpB,8
trpCF,8
trpD,8
trpL,8
rluB,8
cobO,8
sohB,8
topA,8
cysB,8
acnA,8
ribA,8
pgpB,8
lapB,8
pyrF,8
yciH,8
osmB,8
pdeR,8
fabI,8
steC,8
sapF,8
sapD,8
sapC,8
sapB,8
sapA,8
pspF,8
pspA,8
pspB,8
pspC,8
pspD,8
pspE,8
tyrR,8
tpx,8
ycjG,8
mpaA,8
bdcA,8
zirU,8
zirT,8
zirS,8
uspE,8
fnr,8
ogt,8
smrA,8
zntB,8
dbpA,8
ttcA,8
uspF,8
nifJ,8
hslJ,8
ldhA,8
azoR,8
hrpA,8
cybB,8
sseJ,8
aac(6'),8
sgcA,8
sgcQ,8
sgcC,8
sgcB,8
rimL,8
ydcK,8
tehA,8
tehB,8
sifB,8
ycdR,8
patD,8
yncL,8
srfC,8
srfA,8
mddA,8
mcbR,8
ansP,8
nhoA,8
narW,8
smvA,8
ompD,8
yddG,8
fdnI,8
adhP,8
sra,8
bdm,8
hdeB,8
treZ,8
treY,8
nhaC,8
cybH,8
hybD,8
glsB,8
sad,8
marR,8
marA,8
marB,8
eamA,8
ydeE,8
mgtS,8
dcp,8
ydfG,8
ydfZ,8
rspA,8
speG,8
osmX,8
osmW,8
osmV,8
clcB,8
asr,8
mdtI,8
mdtJ,8
pntB,8
pntA,8
ydgH,8
rstA,8
rstB,8
tus,8
fumC,8
fumB,8
manA,8
add,8
blr,8
ydgT,8
rsxA,8
rsxB,8
rsxC,8
rsxD,8
rsxG,8
nth,8
dtpA,8
gstA,8
pdxY,8
tyrS,8
pdxH,8
mliC,8
anmK,8
slyB,8
slyA,8
gloA,8
rnt,8
grxD,8
sodB,8
purR,8
cfa,8
mdtK,8
ssaU,8
ssaT,8
ssas,8
ssaR,8
ssaQ,8
ssaP,8
ssaO,8
ssaN,8
ssaV,8
ssaM,8
ssaL,8
ssaK,8
ssaJ,8
ssaI,8
ssaG,8
sseG,8
sseF,8
sscB,8
sseE,8
sseD,8
sscA,8
ssaE,8
ssaD,8
spiA,8
spiC,8
fumD,8
ttrR,8
ttrS,8
ttrB,8
ttrC,8
ttrA,8
pykF,8
lpp,8
sufE,8
sufS,8
sufD,8
sufC,8
sufB,8
sufA,8
ydiB,8
aroD,8
fadK,8
ppsA,8
ppsR,8
aroH,8
hemP,8
btuD,8
btuC,8
ihfA,8
pheT,8
pheS,8
pheM,8
rplT,8
rpmI,8
infC,8
thrS,8
ghoS,8
hxpB,8
tcyP,8
cedA,8
katE,8
chbG,8
chbR,8
chbA,8
chbC,8
chbB,8
osmE,8
nadE,8
cho,8
spy,8
astE,8
astB,8
astD,8
astA,8
xthA,8
gdhA,8
topB,8
selD,8
sppA,8
ansA,8
pncA,8
msrB,8
gapA,8
yeaG,8
yeaR,8
leuE,8
aadA,8
zinT,8
pagC,8
pagD,8
cspF,8
msgA,8
sopF,8
icd,8
rluE,8
mnmA,8
hflD,8
purB,8
phoP,8
phoQ,8
pepT,8
potA,8
potB,8
sifA,8
potC,8
potD,8
cobB,8
nagK,8
lolE,8
lolD,8
lolC,8
mfd,8
bhsA,8
comR,8
ndh,8
ycfP,8
nagZ,8
thiK,8
lpoB,8
hinT,8
fhuE,8
holB,8
tmk,8
yceG,8
pabC,8
fabF,8
acpP,8
fabG,8
fabD,8
fabH,8
plsX,8
rpmF,8
yceD,8
rluC,8
rne,8
flgL,8
flgK,8
flgJ,8
flgH,8
flgG,8
flgE,8
flgD,8
flgC,8
flgB,8
flgA,8
flgM,8
flgN,8
murJ,8
rimJ,8
mdtH,8
grxB,8
pyrC,8
dinI,8
bssS,8
solA,8
mdtG,8
mdoH,8
mdoG,8
mdoC,8
ymdB,8
csgC,8
csgA,8
csgB,8
csgD,8
csgE,8
csgF,8
csgG,8
ghrA,8
phoH,8
putP,8
putA,8
rutR,8
wrbA,8
agp,8
cbpA,8
cbpM,8
hpaA,8
hpaX,8
hpaI,8
hpaH,8
hpaD,8
hpaE,8
hpaR,8
hpaB,8
hiuH,8
hprR,8
sopB,8
sigE,8
pipB,8
pipA,8
yccA,8
tusE,8
yccX,8
rlmI,8
hspQ,8
mgsA,8
helD,8
yccS,8
sulA,8
ompA,8
matP,8
fabA,8
rmf,8
pqiC,8
pqiB,8
pqiA,8
rlmKL,8
zapC,8
pyrD,8
pepN,8
pncB,8
dpaL,8
asnS,8
ompF,8
aspC,8
ldtD,8
mukB,8
mukE,8
mukF,8
cmoM,8
elyC,8
kdsB,8
ycaR,8
lpxK,8
msbA,8
ihfB,8
rpsA,8
cmk,8
aroA,8
serC,8
focA,8
sopD2,8
pflA,8
dmsA,8
serS,8
rarA,8
lolA,8
ftsK,8
lrp,8
trxB,8
cydD,8
cydC,8
aat,8
infA,8
clpA,8
clpS,8
cspD,8
macB,8
macA,8
hcp,8
hcr,8
poxB,8
ltaE,8
artP,8
artQ,8
artM,8
rlmC,8
potI,8
potH,8
potG,8
potF,8
rimK,8
nfsA,8
ybjG,8
deoR,8
dacC,8
bssR,8
rimO,8
gsiD,8
gsiC,8
gsiB,8
gsiA,8
iaaA,8
moeA,8
moeB,8
ldtB,8
mntR,8
mntS,8
ompX,8
rhtA,8
dps,8
glnH,8
glnP,8
glnQ,8
ybiO,8
rlmF,8
ybiJ,8
ybiB,8
dinG,8
rhlE,8
cecR,8
hlyD,8
clsB,8
moaE,8
moaD,8
moaC,8
moaB,8
moaA,8
yvcK,8
slrP,8
uvrB,8
bioC,8
bioF,8
bioB,8
bioA,8
hutH,8
hutU,8
hutG,8
hutI,8
pgl,8
modC,8
modB,8
modA,8
modE,8
modF,8
galE,8
galT,8
galK,8
galM,8
gpmA,8
aroG,8
zitB,8
nadA,8
cpoB,8
pal,8
tolB,8
tolA,8
tolR,8
tolQ,8
ybgC,8
ybgE,8
cydX,8
cydA,8
sucD,8
sucC,8
odhB,8
sucA,8
sdhB,8
sdhA,8
sdhD,8
sdhC,8
nei,8
pxpA,8
pxpB,8
ybgI,8
phrB,8
kdpF,8
kdpA,8
kdpB,8
kdpC,8
kdpD,8
kdpE,8
speFL,8
speF,8
potE,8
pgm,8
seqA,8
ybfF,8
ybfE,8
fldA,8
fur,8
tcuR,8
tcuA,8
tcuB,8
tcuC,8
chiP,8
glnS,8
nagE,8
nagB,8
nagA,8
nagC,8
nagD,8
asnB,8
ubiF,8
miaB,8
ybeY,8
corC,8
lnt,8
gltJ,8
gltK,8
gltL,8
rihA,8
leuS,8
lptE,8
holA,8
nadD,8
cobD,8
rsfS,8
rlmH,8
mrdB,8
rlpA,8
dacA,8
ybeD,8
lipB,8
lipA,8
tatE,8
crcB,8
pagP,8
dcuC,8
dpiA,8
dpiB,8
citT,8
rna,8
rnk,8
uspG,8
ahpF,8
ahpC,8
dsbG,8
cstA,8
entH,8
entA,8
entE,8
entC,8
fepB,8
entS,8
fepD,8
fepG,8
fepC,8
wzz(fepE),8
entF,8
fes,8
entD,8
nfsB,8
pheP,8
rclC,8
rclB,8
rclA,8
rclR,8
fimW,8
fimY,8
fimZ,8
sfmF,8
fimH,8
fimC,8
fimI,8
fimA,8
folD,8
ybcJ,8
cysS,8
ppiB,8
lpxH,8
purE,8
purK,8
allR,8
allA,8
allS,8
mnmH,8
sfbB,8
tesA,8
cnoX,8
fetB,8
fetA,8
cueR,8
copA,8
ybaK,8
ushA,8
gsk,8
aes,8
hemH,8
adk,8
htpG,8
recR,8
dnaX,8
apt,8
priC,8
rsmS,8
mscK,8
acrR,8
acrA,8
acrB,8
tomB,8
maa,8
ykgO,8
tesB,8
amtB,8
glnK,8
decR,8
cdsH,8
cof,8
queC,8
ppiD,8
hupB,8
lon,8
clpX,8
clpP,8
tig,8
bolA,8
ampG,8
cyoA,8
cyoB,8
cyoE,8
panE,8
yajL,8
phnW,8
phnR,8
phnS,8
phnT,8
phnU,8
phnV,8
thiI,8
xseB,8
ispA,8
dxs,8
pgpA,8
thiL,8
nusB,8
ribE,8
ribD,8
nrdR,8
yajD,8
secF,8
secD,8
yajC,8
tgt,8
queA,8
acpH,8
malZ,8
proY,8
brnQ,8
phoR,8
phoB,8
sbcD,8
sbcC,8
araJ,8
mak,8
ppnP,8
yaiA,8
aroL,8
proC,8
adrA,8
psiF,8
iraP,8
ddlA,8
yaiW,8
sbmA,8
ampH,8
iprA,8
hemB,8
prpE,8
prpC,8
prpB,8
prpR,8
yahO,8
foxA,8
ssaA,8
golB,8
golS,8
golT,8
mdsA,8
mdsB,8
mdsC,8
stbB,8
stbD,8
stbE,8
proA,8
proB,8
phoE,8
crl,8
frsA,8
gpt,8
pepD,8
prfH,8
dinB,8
dpaA,8
lpcA,8
fadE,8
pagN,8
safB,8
tagK,8
dnaQ,8
rnhA,8
gloB,8
mltD,8
dkgB,8
gmhB,8
metN,8
metQ,8
rcsF,8
tsaA,8
proS,8
nlpE,8
arfB,8
rof,8
tilS,8
ldcC,8
accA,8
dnaE,8
rnhB,8
lpxB,8
lpxA,8
fabZ,8
lpxD,8
skp,8
bamA,8
rseP,8
cdsA,8
ispU,8
ispC,8
frr,8
pyrH,8
tsf,8
rpsB,8
map,8
glnD,8
dapD,8
cdaR,8
degP,8
dgt,8
mtnN,8
btuF,8
erpA,8
clcA,8
hemL,8
stfH,8
stfF,8
stfD,8
fhuB,8
fhuD,8
fhuC,8
fhuA,8
mrcB,8
hrpB,8
thpR,8
sfsA,8
dksA,8
gluQRS,8
pcnB,8
folK,8
panB,8
panC,8
panD,8
stiB,8
can,8
hpt,8
cueO,8
speE,8
speD,8
yacL,8
acnB,8
lpdA,8
aceF,8
aceE,8
pdhR,8
aroP,8
ampE,8
ampD,8
nadC,8
ppdD,8
gspE,8
hofC,8
coaE,8
zapD,8
yacG,8
mutT,8
secA,8
secM,8
lpxC,8
ftsZ,8
ftsA,8
ftsQ,8
murC,8
murG,8
ftsW,8
murD,8
mraY,8
murF,8
murE,8
ftsL,8
rsmH,8
mraZ,8
cra,8
ilvI,8
leuO,8
leuL,8
leuA,8
leuB,8
sgrR,8
thiB,8
thiP,8
thiQ,8
araC,8
araB,8
araA,8
polB,8
rapA,8
rluA,8
djlA,8
lptD,8
surA,8
pdxA,8
rsmA,8
apaG,8
apaH,8
folA,8
kefC,8
kefF,8
srfN,8
fixX,8
caiT,8
caiA,8
caiB,8
caiC,8
caiD,8
caiE,8
caiF,8
carB,8
carA,8
dapB,8
citS,8
rihC,8
ispH,8
fkpB,8
lspA,8
ileS,8
ribF,8
rpsT,8
nhaR,8
nhaA,8
bcfG,8
bcfC,8
bcfB,8
dnaJ,8
dnaK,8
msyB,8
satP,8
mog,8
yaaA,8
thrC,8
thrB,8
thrA,8
thrL,8
sthE,8
creD,8
creC,8
creB,8
creA,8
robA,8
gpmB,8
yjjX,8
trpR,8
sltY,8
ettA,8
nadR,8
radA,8
lplA,8
stjC,8
deoD,8
deoB,8
deoA,8
deoC,8
prfC,8
yjjG,8
rimI,8
rsmC,8
fhuF,8
bglJ,8
dnaT,8
dnaC,8
opgB,8
tsr,8
btsT,8
yjiA,8
mdtM,8
iadA,8
hypT,8
uxuR,8
idnK,8
idnO,8
idnT,8
lptG,8
lptF,8
pepA,8
holC,8
miaE,8
rraB,8
arcC,8
pyrL,8
pyrB,8
pyrI,8
ridA,8
treR,8
treB,8
treC,8
nrdD,8
nrdG,8
cybC,8
pmbA,8
mpl,8
fbp,8
ppa,8
tamB,8
tamA,8
msrA,8
cysQ,8
ytfE,8
cycA,8
fklB,8
rplI,8
rpsR,8
priB,8
rpsF,8
yjfY,8
ulaC,8
ulaB,8
ulaA,8
ulaG,8
ulaR,8
yjfP,8
bsmA,8
yjfN,8
rlmB,8
rnr,8
nsrR,8
purA,8
hflC,8
hflK,8
hflX,8
hfq,8
miaA,8
mutL,8
amiB,8
tsaE,8
nnr,8
queG,8
orn,8
rsgA,8
mscM,8
yjeM,8
epmA,8
frdA,8
frdB,8
frdC,8
frdD,8
sugE,8
ecnB,8
efp,8
epmB,8
groL,8
yjeH,8
aspA,8
dcuA,8
cutA,8
dcuR,8
dcuB,8
melB,8
melR,8
adiA,8
adiC,8
eptA,8
pmrA,8
pmrB,8
pmrR,8
proP,8
yjdN,8
phnO,8
lpxO,8
gltP,8
nrfG,8
nrfD,8
nrfC,8
nrfB,8
nrfA,8
acs,8
actP,8
ghxP,8
soxR,8
soxS,8
siiF,8
siiE,8
siiD,8
siiC,8
siiA,8
ssb1,8
uvrA,8
aphA,8
tyrB,8
alr,8
dnaB,8
pspG,8
dusA,8
zur,8
dinF,8
lexA,8
plsB,8
ubiA,8
ubiC,8
malM,8
malK,8
malE,8
malF,8
malG,8
psiE,8
pgi,8
rluF,8
pepE,8
metH,8
iclR,8
aceK,8
aceA,8
aceB,8
metA,8
purH,8
purD,8
zraR,8
zraS,8
zraP,8
hupA,8
nfi,8
hemE,8
nudC,8
thiC,8
thiE,8
thiS,8
thiG,8
thiH,8
rpoC,8
rpoB,8
rplL,8
rplJ,8
rplA,8
rplK,8
nusG,8
secE,8
coaA,8
birA,8
murB,8
murI,8
btuB,8
trmA,8
fabR,8
oxyR,8
argH,8
argB,8
argC,8
argE,8
ppc,8
fsa,8
katG,8
metF,8
mscS,8
metB,8
metJ,8
rpmE,8
priA,8
cytR,8
ftsN,8
hslV,8
hslU,8
menA,8
rraA,8
zapB,8
glpK,8
fpr,8
tpiA,8
lsrG,8
lsrF,8
lsrB,8
lsrD,8
lsrC,8
lsrA,8
lsrR,8
lsrK,8
pfkA,8
fieF,8
cpxP,8
cpxR,8
cpxA,8
yiiM,8
sodA,8
rhaT,8
rhaR,8
rhaS,8
rhaB,8
rhaA,8
rhaD,8
rhaM,8
fdhD,8
fdoI,8
fdhE,8
fabY,8
dtd,8
yihX,8
yihU,8
yihT,8
yihS,8
ompL,8
typA,8
glnA,8
glnL,8
glnG,8
hemN,8
yihI,8
yihA,8
polA,8
dsbA,8
mobA,8
mobB,8
hemG,8
trkH,8
pepQ,8
fadB,8
fadA,8
fre,8
ubiD,8
rfaH,8
tatD,8
tatC,8
tatB,8
tatA,8
ubiB,8
ubiJ,8
ubiE,8
rmuC,8
udp,8
metE,8
metR,8
yigL,8
pldB,8
rhtB,8
rhtC,8
recQ,8
pldA,8
corA,8
ysgD,8
uvrD,8
yigB,8
xerC,8
dapF,8
cyaY,8
cyaA,8
hemC,8
hemD,8
hemX,8
hemY,8
wzyE,8
wzxE,8
rffA,8
rffC,8
rffG,8
wecC,8
wecB,8
wzzE,8
wecA,8
rho,8
trxA,8
rhlB,8
gppA,8
rep,8
ppiC,8
ilvC,8
ilvY,8
ilvA,8
ilvE,8
ilvM,8
ilvG,8
ilvL,8
maoP,8
hdfR,8
rbsR,8
rbsB,8
rbsC,8
rbsA,8
rbsD,8
kup,8
ravA,8
viaA,8
asnA,8
asnC,8
mioC,8
mnmG,8
rsmG,8
atpI,8
atpB,8
atpE,8
atpF,8
atpH,8
atpA,8
atpG,8
atpD,8
glmU,8
glmS,8
pstS,8
pstC,8
pstA,8
pstB,8
phoU,8
yieH,8
adeP,8
yidZ,8
mnmE,8
yidC,8
yidD,8
rnpA,8
rpmH,8
idnD,7
cspA,7
pphB,7
flhe,7
sirB2,7
menI,7
ydiK,7
iolH,7
iolI2,7
iolG2,7
iolD,7
iolC,7
iolI1,7
srfJ,7
iolG1,7
iolE,7
reiD,7
iolA,7
iolB,7
iolT2,7
iolT1,7
iolR,7
ulaE,7
melA,7
rsd,7
metL,7
ilvX,7
mgtU,6
sadA,6
yiaO,6
xylR,6
bcsR,6
aaeX,6
zapG,6
zapE,6
nanQ,6
dolP,6
yqjA,6
yghB,6
actS,6
vapB,6
cas2e,6
ygbI,6
glaH,6
yfiH,6
pliG,6
pagK,6
glyA,6
ypeC,6
yfbV,6
arnD,6
yieE,6
yeiB,6
rfbB,6
rfbD,6
rfbC,6
rfbG,6
rfbH,6
rfbJ,6
arsD,6
arsB,6
dgcQ,6
yedD,6
tcyN,6
yebF,6
rnm,6
ymiC,6
pqqU,6
sodC2,6
punR,6
punC,6
mlrB,6
selO,6
ydiV,6
dgcJ,6
yoaI,6
roxA,6
hpaG,6
ycaO,6
artI,6
chiQ,6
allD,6
allC,6
allE,6
glxK,6
allB,6
glxR,6
gcl,6
ybbP,6
ybbA,6
ybaL,6
foxR,6
afaD,6
tssL,6
tssK,6
tssJ,6
tssC,6
tssB,6
tssH,6
tssE,6
tssF,6
tssG,6
yafC,6
yjjY,6
yjgA,6
rtsB,6
fumA,6
yjcO,6
nrfEF,6
yjbE,6
yigI,6
wecG,6
dgoR,5
dgoD,5
dppA,5
tcp,5
bigA,5
ripR,5
ripC,5
ripB,5
ripA,5
trhA,5
ltnD,5
otnK,5
denD,5
hin,5
fljA,5
gogB,5
timP,5
ratB,5
purC,5
ubiG,5
sspH2,5
yohP,5
yehD,5
stcB,5
phsC,5
cbiK,5
hyaD,5
hyaA,5
steB,5
steA,5
ptrR,5
ynfE,5
ynfF,5
mlc,5
sseC,5
envF,5
pxpC,5
hscC,5
citR,5
fadM,5
phnX,5
stiA,5
dtnK,5
sgrT,5
yjiS,5
argL,5
mgtL,5
lptM,5
thrP,5
rfbF,5
ompS1,5
panS,5
sul1,5
tet(G),5
tetR(G),5
floR,5
traN,5
malI,5
POLY,5
trpE,4
stfA,4
fdhF,4
arfA,4
gtgA,4
yigF,4
ymfR,3
ompS2,3
recE,3
recT,3
gtgE,3
sseI,3
glf,3
gip,3
sciX,3
icmF,3
sciR,3
rpoA,3
cmtB,3
iraM,3
hyi,3
impX,3
tssM,3
ltrA,3
thiF,3
dfrA1,3
gogA,2
gpJ,2
rhuM,2
hxlB,2
hxlA,2
artA,2
artB,2
rfbV,2
rfbN,2
rfbK,2
ydfK,2
rfc,2
sodC1,2
gtrC1,2
ninD,2
safA,2
hsdR,2
hsdM,2
symE,2
brxC,2
pglX,2
pglZ,2
brxL,2
nrfF,2
faeD,2
faeH,2
tcfA,2
tcfB,2
tinR,2
tioA,2
qatD,2
qatC,2
arsH,2
arsR,2
yraP,2
yggF,2
cas2,2
csiD,2
pgeF,2
yedQ,2
yecC,2
yciV,2
sodC,2
hha,2
fxsA,2
ogrK,2
lysB,2
rffM,2
atpC,2
groEL,2
L1,2
argD,1
ubiU,1
ubiT,1
srlE,1
gpU,1
osmF,1
fcl,1
sseK3,1
flhE,1
hglS,1
ldtE,1
astC,1
sspH1,1
ldtC,1
int,1
drt3b,1
drt3a,1
ahr,1
idnR,1
gldA,1
tcfC,1
tnpB,1
kil,1
sspH3,1
alsE,1
E6,1
E7,1
E1,1
E2,1
E4,1
L2,1
