"category","over_represented_pvalue","under_represented_pvalue","numDEInCat","numInCat","term","ontology","p_adj"
"GO:0098552",0.00660297688945075,0.99749487806567,32,44,"side of membrane","CC",1
"GO:0055037",0.0113634671136019,1,7,7,"recycling endosome","CC",1
"GO:0009897",0.0170384877243098,0.994743135344232,19,25,"external side of plasma membrane","CC",1
"GO:0031982",0.0222235592596404,0.985162011325881,117,194,"vesicle","CC",1
"GO:0035577",0.023648360151858,1,6,6,"azurophil granule membrane","CC",1
"GO:0009986",0.031327225279291,0.984274327020976,36,54,"cell surface","CC",1
"GO:0071944",0.0348494415822261,0.975283140838657,146,249,"cell periphery","CC",1
"GO:0048786",0.0428338493594188,1,5,5,"presynaptic active zone","CC",1
"GO:0005576",0.0463309949962513,0.968090521991263,103,172,"extracellular region","CC",1
"GO:0005886",0.0534479411655312,0.961261114964221,138,237,"plasma membrane","CC",1
"GO:0005768",0.0556123006511291,0.969156821493205,38,59,"endosome","CC",1
"GO:1902554",0.0798350944858761,1,4,4,"serine/threonine protein kinase complex","CC",1
"GO:1902911",0.0798350944858761,1,4,4,"protein kinase complex","CC",1
"GO:0005788",0.0806193535022416,0.982480283848953,8,10,"endoplasmic reticulum lumen","CC",1
"GO:1904724",0.082077150656104,1,4,4,"tertiary granule lumen","CC",1
"GO:0031410",0.0822556874696671,0.943114239231903,78,131,"cytoplasmic vesicle","CC",1
"GO:0097708",0.0822556874696671,0.943114239231903,78,131,"intracellular vesicle","CC",1
"GO:0031514",0.0885383760245094,1,4,4,"motile cilium","CC",1
"GO:0097729",0.0885383760245094,1,4,4,"9+2 motile cilium","CC",1
"GO:0000139",0.127805007220161,0.932539468894799,22,34,"Golgi membrane","CC",1
"GO:0098800",0.128526873945272,0.95435294310753,11,15,"inner mitochondrial membrane protein complex","CC",1
"GO:0016363",0.128959407574422,0.968683662625149,7,9,"nuclear matrix","CC",1
"GO:0034399",0.128959407574422,0.968683662625149,7,9,"nuclear periphery","CC",1
"GO:0030312",0.130453757883604,0.949230777975116,12,17,"external encapsulating structure","CC",1
"GO:0031012",0.130453757883604,0.949230777975116,12,17,"extracellular matrix","CC",1
"GO:0098798",0.131566125211474,0.944388842161032,14,20,"mitochondrial protein-containing complex","CC",1
"GO:0001669",0.131578975930986,0.967825281938301,7,9,"acrosomal vesicle","CC",1
"GO:1990204",0.133198759386153,0.958723098494349,9,12,"oxidoreductase complex","CC",1
"GO:0009898",0.139977783886988,0.978005953807279,5,6,"cytoplasmic side of plasma membrane","CC",1
"GO:0000785",0.141171348164751,0.907548644391834,43,71,"chromatin","CC",1
"GO:0055038",0.148017570384693,1,3,3,"recycling endosome membrane","CC",1
"GO:0019866",0.150640790080108,0.914487900441052,25,39,"organelle inner membrane","CC",1
"GO:0030686",0.151011311404893,1,3,3,"90S preribosome","CC",1
"GO:0016528",0.152435726243885,1,3,3,"sarcoplasm","CC",1
"GO:0150005",0.152958926473978,1,3,3,"enzyme activator complex","CC",1
"GO:1902773",0.152958926473978,1,3,3,"GTPase activator complex","CC",1
"GO:1990877",0.152958926473978,1,3,3,"FNIP-folliculin RagC/D GAP","CC",1
"GO:0000791",0.156903410230949,0.974094618557176,5,6,"euchromatin","CC",1
"GO:0000940",0.158339856806817,1,3,3,"outer kinetochore","CC",1
"GO:0005743",0.158529107293205,0.912954369148789,22,34,"mitochondrial inner membrane","CC",1
"GO:0042101",0.164698070368611,0.972215921215623,5,6,"T cell receptor complex","CC",1
"GO:0036126",0.167788396349271,1,3,3,"sperm flagellum","CC",1
"GO:0010008",0.172224994382704,0.909546370897059,18,28,"endosome membrane","CC",1
"GO:0005751",0.173195108096651,1,3,3,"mitochondrial respiratory chain complex IV","CC",1
"GO:1990351",0.182343375151356,0.923712465587277,11,16,"transporter complex","CC",1
"GO:1904813",0.191134101124746,0.926977416097885,9,13,"ficolin-1-rich granule lumen","CC",1
"GO:0005902",0.225203649254765,0.958978305742696,4,5,"microvillus","CC",1
"GO:0098562",0.231819088666668,0.918332833498543,7,10,"cytoplasmic side of membrane","CC",1
"GO:0042734",0.23317061634069,0.956729215715117,4,5,"presynaptic membrane","CC",1
"GO:1902495",0.246508929328007,0.88906190593241,10,15,"transmembrane transporter complex","CC",1
"GO:0005615",0.251787313020445,0.803700998004985,79,139,"extracellular space","CC",1
"GO:0032993",0.262972932561244,0.809495825104597,44,76,"protein-DNA complex","CC",1
"GO:0043230",0.269249009981213,0.79515847840783,60,105,"extracellular organelle","CC",1
"GO:0065010",0.269249009981213,0.79515847840783,60,105,"extracellular membrane-bounded organelle","CC",1
"GO:1903561",0.269249009981213,0.79515847840783,60,105,"extracellular vesicle","CC",1
"GO:0005747",0.269679234520072,0.945760009193064,4,5,"mitochondrial respiratory chain complex I","CC",1
"GO:0030964",0.269679234520072,0.945760009193064,4,5,"NADH dehydrogenase complex","CC",1
"GO:0045271",0.269679234520072,0.945760009193064,4,5,"respiratory chain complex I","CC",1
"GO:0005856",0.270105873161993,0.788656635229054,75,133,"cytoskeleton","CC",1
"GO:0005770",0.277917105661871,0.855615075433849,12,19,"late endosome","CC",1
"GO:0016529",0.278929862138603,1,2,2,"sarcoplasmic reticulum","CC",1
"GO:0005849",0.279006667953789,1,2,2,"mRNA cleavage factor complex","CC",1
"GO:0033162",0.279082321734167,1,2,2,"melanosome membrane","CC",1
"GO:0045009",0.279082321734167,1,2,2,"chitosome","CC",1
"GO:0090741",0.279082321734167,1,2,2,"pigment granule membrane","CC",1
"GO:0000307",0.279206336094854,1,2,2,"cyclin-dependent protein kinase holoenzyme complex","CC",1
"GO:0044665",0.279628105594059,1,2,2,"MLL1/2 complex","CC",1
"GO:0071339",0.279628105594059,1,2,2,"MLL1 complex","CC",1
"GO:0080008",0.279968045435747,1,2,2,"Cul4-RING E3 ubiquitin ligase complex","CC",1
"GO:0097386",0.28000567505557,1,2,2,"glial cell projection","CC",1
"GO:0097449",0.28000567505557,1,2,2,"astrocyte projection","CC",1
"GO:0098803",0.281458888618731,0.892914793003765,7,10,"respiratory chain complex","CC",1
"GO:0005746",0.282704328884931,0.892245329081848,7,10,"mitochondrial respirasome","CC",1
"GO:0071141",0.282989734446016,1,2,2,"SMAD protein complex","CC",1
"GO:0071144",0.282989734446016,1,2,2,"heteromeric SMAD protein complex","CC",1
"GO:0005945",0.283251045961265,1,2,2,"6-phosphofructokinase complex","CC",1
"GO:0098574",0.284448334184326,1,2,2,"cytoplasmic side of lysosomal membrane","CC",1
"GO:0005782",0.286147457480613,1,2,2,"peroxisomal matrix","CC",1
"GO:0031907",0.286147457480613,1,2,2,"microbody lumen","CC",1
"GO:0005795",0.286770137303251,0.912132548207486,5,7,"Golgi stack","CC",1
"GO:0031985",0.286770137303251,0.912132548207486,5,7,"Golgi cisterna","CC",1
"GO:0042599",0.288480940744391,1,2,2,"lamellar body","CC",1
"GO:0045095",0.288576809766352,1,2,2,"keratin filament","CC",1
"GO:0042382",0.288757967047581,1,2,2,"paraspeckles","CC",1
"GO:0045239",0.289162506221875,1,2,2,"tricarboxylic acid cycle enzyme complex","CC",1
"GO:0045240",0.289162506221875,1,2,2,"dihydrolipoyl dehydrogenase complex","CC",1
"GO:0048787",0.289302631022309,1,2,2,"presynaptic active zone membrane","CC",1
"GO:0032433",0.289979992657345,1,2,2,"filopodium tip","CC",1
"GO:0045177",0.292114582486815,0.86346243076037,9,14,"apical part of cell","CC",1
"GO:0005868",0.292875205925785,1,2,2,"cytoplasmic dynein complex","CC",1
"GO:0070761",0.29292394017731,1,2,2,"pre-snoRNP complex","CC",1
"GO:0070652",0.293331233933342,1,2,2,"HAUS complex","CC",1
"GO:1990498",0.293331233933342,1,2,2,"mitotic spindle microtubule","CC",1
"GO:0046540",0.294129922740665,1,2,2,"U4/U6 x U5 tri-snRNP complex","CC",1
"GO:0097526",0.294129922740665,1,2,2,"spliceosomal tri-snRNP complex","CC",1
"GO:0019814",0.295810238032812,1,2,2,"immunoglobulin complex","CC",1
"GO:0005811",0.296718620990935,0.907534058724793,5,7,"lipid droplet","CC",1
"GO:0005929",0.297912774797649,0.836029161189153,13,21,"cilium","CC",1
"GO:0180019",0.298609611223902,1,2,2,"Knl1/Spc105 complex","CC",1
"GO:0099023",0.299915331135253,1,2,2,"vesicle tethering complex","CC",1
"GO:0062023",0.312239495908912,0.850549560193403,9,14,"collagen-containing extracellular matrix","CC",1
"GO:0001650",0.325683493175685,0.832380282766581,10,16,"fibrillar center","CC",1
"GO:0005765",0.32745613205496,0.788013250893463,20,34,"lysosomal membrane","CC",1
"GO:0098852",0.32745613205496,0.788013250893463,20,34,"lytic vacuole membrane","CC",1
"GO:0030659",0.330702047251023,0.758373128282187,36,63,"cytoplasmic vesicle membrane","CC",1
"GO:0005912",0.331084443969823,0.86926986908199,6,9,"adherens junction","CC",1
"GO:0070062",0.335309244664225,0.73766513865585,58,103,"extracellular exosome","CC",1
"GO:0012506",0.338424298295061,0.750488066736804,37,65,"vesicle membrane","CC",1
"GO:0005737",0.34849467030369,0.705299795548532,340,627,"cytoplasm","CC",1
"GO:0005903",0.356038697758435,0.922465277179003,3,4,"brush border","CC",1
"GO:0035097",0.356891622735336,0.922147561346137,3,4,"histone methyltransferase complex","CC",1
"GO:0032587",0.362370255113831,0.920090252876072,3,4,"ruffle membrane","CC",1
"GO:0044291",0.363176840876986,0.919784945455556,3,4,"cell-cell contact zone","CC",1
"GO:0045211",0.364144115213614,0.91941799128954,3,4,"postsynaptic membrane","CC",1
"GO:0005771",0.367925921924597,0.91797464626116,3,4,"multivesicular body","CC",1
"GO:0009925",0.376641596025211,0.810195332474329,8,13,"basal plasma membrane","CC",1
"GO:0016323",0.376641596025211,0.810195332474329,8,13,"basolateral plasma membrane","CC",1
"GO:0045178",0.376641596025211,0.810195332474329,8,13,"basal part of cell","CC",1
"GO:0098802",0.378450715888428,0.822749191596176,7,11,"plasma membrane signaling receptor complex","CC",1
"GO:0098858",0.381648432890383,0.806632814292361,8,13,"actin-based cell projection","CC",1
"GO:0031902",0.383590353213425,0.805244116590508,8,13,"late endosome membrane","CC",1
"GO:0098590",0.386604154692524,0.723219578417059,26,46,"plasma membrane region","CC",1
"GO:0030141",0.391817776081027,0.71035339848956,31,55,"secretory granule","CC",1
"GO:0005766",0.392259498065483,0.798997040447052,8,13,"primary lysosome","CC",1
"GO:0042582",0.392259498065483,0.798997040447052,8,13,"azurophil granule","CC",1
"GO:0030027",0.394071528091709,0.786154875904981,9,15,"lamellipodium","CC",1
"GO:0045277",0.400622522861233,0.904909028698913,3,4,"respiratory chain complex IV","CC",1
"GO:0031256",0.403387765186414,0.859506527975202,4,6,"leading edge membrane","CC",1
"GO:0001725",0.40695183174564,0.857488126689116,4,6,"stress fiber","CC",1
"GO:0032432",0.40695183174564,0.857488126689116,4,6,"actin filament bundle","CC",1
"GO:0097517",0.40695183174564,0.857488126689116,4,6,"contractile actin filament bundle","CC",1
"GO:0098685",0.408911261078267,0.856372203211538,4,6,"Schaffer collateral - CA1 synapse","CC",1
"GO:0005774",0.409635657436187,0.714275551741957,21,37,"vacuolar membrane","CC",1
"GO:0030016",0.411251938944286,0.855033308657671,4,6,"myofibril","CC",1
"GO:0043292",0.411251938944286,0.855033308657671,4,6,"contractile fiber","CC",1
"GO:0099081",0.425357335765727,0.682676005199054,29,52,"supramolecular polymer","CC",1
"GO:0099512",0.425357335765727,0.682676005199054,29,52,"supramolecular fiber","CC",1
"GO:0005819",0.438628959425825,0.705514442043325,16,28,"spindle","CC",1
"GO:0043202",0.441643794972184,0.805902943714565,5,8,"lysosomal lumen","CC",1
"GO:0043235",0.453434996787785,0.720018428112936,11,19,"receptor complex","CC",1
"GO:0098793",0.457273797511462,0.702267061072466,13,23,"presynapse","CC",1
"GO:0005884",0.460280461089958,0.769840115925376,6,10,"actin filament","CC",1
"GO:0099503",0.460424940277744,0.645037674460371,32,58,"secretory vesicle","CC",1
"GO:0097060",0.466753824253241,0.764903175321357,6,10,"synaptic membrane","CC",1
"GO:0043228",0.466839906519913,0.589601903425698,160,296,"non-membrane-bounded organelle","CC",1
"GO:0043232",0.466839906519913,0.589601903425698,160,296,"intracellular non-membrane-bounded organelle","CC",1
"GO:0016324",0.467909124071255,0.764016801235616,6,10,"apical plasma membrane","CC",1
"GO:0031253",0.472814104994647,0.742354224030132,7,12,"cell projection membrane","CC",1
"GO:0016020",0.475236866127319,0.578408004480329,226,419,"membrane","CC",1
"GO:0005769",0.47965054910694,0.676422005340174,14,25,"early endosome","CC",1
"GO:0005730",0.482447969612655,0.606206524426308,48,88,"nucleolus","CC",1
"GO:0012505",0.485283163225023,0.574019157464894,136,252,"endomembrane system","CC",1
"GO:0000323",0.487528912782355,0.625737712092207,28,51,"lytic vacuole","CC",1
"GO:0005764",0.487528912782355,0.625737712092207,28,51,"lysosome","CC",1
"GO:0000786",0.494663499830133,0.743035487302617,6,10,"nucleosome","CC",1
"GO:0031966",0.504597529598286,0.616269250421837,25,45,"mitochondrial membrane","CC",1
"GO:0098796",0.507552054484639,0.598496087447577,33,60,"membrane protein complex","CC",1
"GO:0031965",0.512014436954339,0.63614979636619,16,29,"nuclear membrane","CC",1
"GO:0099513",0.517082607185354,0.602808734994967,25,46,"polymeric cytoskeletal fiber","CC",1
"GO:0005794",0.521913511465832,0.567183147910988,48,89,"Golgi apparatus","CC",1
"GO:0008076",0.528407946044328,1.00000000000002,1,1,"voltage-gated potassium channel complex","CC",1
"GO:0034705",0.528407946044328,1.00000000000002,1,1,"potassium channel complex","CC",1
"GO:0044666",0.528407946044329,1.00000000000001,1,1,"MLL3/4 complex","CC",1
"GO:0005641",0.528407946044363,1.00000000000001,1,1,"nuclear envelope lumen","CC",1
"GO:0097356",0.528407946044363,1.00000000000001,1,1,"perinucleolar compartment","CC",1
"GO:0098686",0.528407946044366,0.999999999999997,1,1,"hippocampal mossy fiber to CA3 synapse","CC",1
"GO:0019908",0.528407946044407,1,1,1,"nuclear cyclin-dependent protein kinase holoenzyme complex","CC",1
"GO:1990508",0.528407946044407,1,1,1,"CKM complex","CC",1
"GO:0043194",0.528407946044447,0.999999999999995,1,1,"axon initial segment","CC",1
"GO:0044304",0.528407946044447,0.999999999999995,1,1,"main axon","CC",1
"GO:0005967",0.528407946044453,1.00000000000002,1,1,"mitochondrial pyruvate dehydrogenase complex","CC",1
"GO:0045254",0.528407946044453,1.00000000000002,1,1,"pyruvate dehydrogenase complex","CC",1
"GO:0031526",0.528407946044526,0.999999999999979,1,1,"brush border membrane","CC",1
"GO:0031462",0.528407946044532,0.999999999999996,1,1,"Cul2-RING ubiquitin ligase complex","CC",1
"GO:0043541",0.528407946044562,0.999999999999988,1,1,"UDP-N-acetylglucosamine transferase complex","CC",1
"GO:0032039",0.528407946044688,0.999999999999978,1,1,"integrator complex","CC",1
"GO:0043190",0.52840794604482,1.00000000000001,1,1,"ATP-binding cassette (ABC) transporter complex","CC",1
"GO:0098533",0.52840794604482,1.00000000000001,1,1,"ATPase dependent transmembrane transport complex","CC",1
"GO:0043034",0.528407946044863,1.00000000000001,1,1,"costamere","CC",1
"GO:0061826",0.528407946044863,1.00000000000001,1,1,"podosome ring","CC",1
"GO:0048788",0.528407946045102,0.999999999999991,1,1,"cytoskeleton of presynaptic active zone","CC",1
"GO:0098831",0.528407946045102,0.999999999999991,1,1,"presynaptic active zone cytoplasmic component","CC",1
"GO:0099569",0.528407946045102,0.999999999999991,1,1,"presynaptic cytoskeleton","CC",1
"GO:0099738",0.528407946045102,0.999999999999991,1,1,"cell cortex region","CC",1
"GO:0090651",0.528407946045221,0.999999999999994,1,1,"apical cytoplasm","CC",1
"GO:0042622",0.528407946045234,0.999999999999999,1,1,"photoreceptor outer segment membrane","CC",1
"GO:0005845",0.528407946045241,1.00000000000002,1,1,"mRNA cap binding complex","CC",1
"GO:0031209",0.528407946045241,1.00000000000002,1,1,"SCAR complex","CC",1
"GO:0034518",0.528407946045241,1.00000000000002,1,1,"RNA cap binding complex","CC",1
"GO:0044294",0.528407946045241,1.00000000000002,1,1,"dendritic growth cone","CC",1
"GO:0044295",0.528407946045241,1.00000000000002,1,1,"axonal growth cone","CC",1
"GO:0090724",0.528407946045241,1.00000000000002,1,1,"central region of growth cone","CC",1
"GO:0090725",0.528407946045241,1.00000000000002,1,1,"peripheral region of growth cone","CC",1
"GO:0044300",0.528407946045268,0.999999999999986,1,1,"cerebellar mossy fiber","CC",1
"GO:0044301",0.528407946045268,0.999999999999986,1,1,"climbing fiber","CC",1
"GO:1990032",0.528407946045268,0.999999999999986,1,1,"parallel fiber","CC",1
"GO:1990597",0.528407946045268,0.999999999999986,1,1,"AIP1-IRE1 complex","CC",1
"GO:0032280",0.528407946045438,0.999999999999994,1,1,"symmetric synapse","CC",1
"GO:0060077",0.528407946045438,0.999999999999994,1,1,"inhibitory synapse","CC",1
"GO:0098983",0.528407946045438,0.999999999999994,1,1,"symmetric, GABA-ergic, inhibitory synapse","CC",1
"GO:0098985",0.528407946045438,0.999999999999994,1,1,"asymmetric, glutamatergic, excitatory synapse","CC",1
"GO:0008278",0.528407946045562,0.999999999999999,1,1,"cohesin complex","CC",1
"GO:0030892",0.528407946045562,0.999999999999999,1,1,"mitotic cohesin complex","CC",1
"GO:0046581",0.528407946045686,0.999999999999985,1,1,"intercellular canaliculus","CC",1
"GO:0048188",0.528408338676607,1.00000000000002,1,1,"Set1C/COMPASS complex","CC",1
"GO:0070443",0.528410769704732,0.999999999999998,1,1,"Mad-Max complex","CC",1
"GO:0099617",0.528424117578508,0.999999999999983,1,1,"matrix side of mitochondrial inner membrane","CC",1
"GO:0071203",0.528425117586376,1.00000000000001,1,1,"WASH complex","CC",1
"GO:0000333",0.528466858995496,0.999999999999977,1,1,"telomerase catalytic core complex","CC",1
"GO:0031379",0.528466858995496,0.999999999999977,1,1,"RNA-directed RNA polymerase complex","CC",1
"GO:1990572",0.528466858995496,0.999999999999977,1,1,"TERT-RMRP complex","CC",1
"GO:0071682",0.52848603048521,0.99999999999998,1,1,"endocytic vesicle lumen","CC",1
"GO:1990531",0.528489342440324,1,1,1,"phospholipid-translocating ATPase complex","CC",1
"GO:0030125",0.528528371374554,0.999999999999994,1,1,"clathrin vesicle coat","CC",1
"GO:0019815",0.528674590125441,0.999999999999982,1,1,"B cell receptor complex","CC",1
"GO:0019897",0.528674590125441,0.999999999999982,1,1,"extrinsic component of plasma membrane","CC",1
"GO:0031234",0.528674590125441,0.999999999999982,1,1,"extrinsic component of cytoplasmic side of plasma membrane","CC",1
"GO:0036019",0.528697426404923,0.999999999999983,1,1,"endolysosome","CC",1
"GO:0036020",0.528697426404923,0.999999999999983,1,1,"endolysosome membrane","CC",1
"GO:0035631",0.528709891822988,0.999999999999985,1,1,"CD40 receptor complex","CC",1
"GO:0034707",0.528741993645167,0.999999999999997,1,1,"chloride channel complex","CC",1
"GO:0000138",0.52879091194101,1.00000000000002,1,1,"Golgi trans cisterna","CC",1
"GO:0005797",0.52879091194101,1.00000000000002,1,1,"Golgi medial cisterna","CC",1
"GO:0016328",0.52888214153587,0.999999999999982,1,1,"lateral plasma membrane","CC",1
"GO:0110016",0.52897099386536,1.00000000000001,1,1,"B-WICH complex","CC",1
"GO:0042587",0.528972736002739,1.00000000000001,1,1,"glycogen granule","CC",1
"GO:0120103",0.529302520764832,0.999999999999983,1,1,"centriolar subdistal appendage","CC",1
"GO:0034274",0.529393043401531,0.999999999999986,1,1,"Atg12-Atg5-Atg16 complex","CC",1
"GO:0031464",0.529685653032605,1.00000000000001,1,1,"Cul4A-RING E3 ubiquitin ligase complex","CC",1
"GO:0031465",0.529685653032605,1.00000000000001,1,1,"Cul4B-RING E3 ubiquitin ligase complex","CC",1
"GO:0033093",0.52997185622983,1,1,1,"Weibel-Palade body","CC",1
"GO:0019008",0.530328787648362,0.999999999999985,1,1,"molybdopterin synthase complex","CC",1
"GO:0097450",0.530440604087383,1.00000000000002,1,1,"astrocyte end-foot","CC",1
"GO:0097451",0.530440604087383,1.00000000000002,1,1,"glial limiting end-foot","CC",1
"GO:0042588",0.53051037390452,1.00000000000001,1,1,"zymogen granule","CC",1
"GO:0070531",0.53063692491544,1.00000000000002,1,1,"BRCA1-A complex","CC",1
"GO:0034455",0.530754519526813,0.99999999999999,1,1,"t-UTP complex","CC",1
"GO:0071986",0.530843858597923,0.999999999999992,1,1,"Ragulator complex","CC",1
"GO:0010494",0.531004713435447,0.999999999999999,1,1,"cytoplasmic stress granule","CC",1
"GO:0042272",0.531004713435447,0.999999999999999,1,1,"nuclear RNA export factor complex","CC",1
"GO:0106139",0.531244298680294,1.00000000000002,1,1,"symbiont cell surface","CC",1
"GO:0070369",0.531254118317893,0.999999999999994,1,1,"beta-catenin-TCF7L2 complex","CC",1
"GO:0071664",0.531254118317893,0.999999999999994,1,1,"catenin-TCF7L2 complex","CC",1
"GO:0005911",0.531681581717912,0.645369605925641,11,20,"cell-cell junction","CC",1
"GO:0101002",0.532348667073599,0.644746761478221,11,20,"ficolin-1-rich granule","CC",1
"GO:0140268",0.532451919522176,1.00000000000002,1,1,"endoplasmic reticulum-plasma membrane contact site","CC",1
"GO:0005767",0.532617506204774,1.00000000000002,1,1,"secondary lysosome","CC",1
"GO:0044754",0.532617506204774,1.00000000000002,1,1,"autolysosome","CC",1
"GO:0120282",0.532617506204774,1.00000000000002,1,1,"autolysosome lumen","CC",1
"GO:0043240",0.53264141456054,0.999999999999987,1,1,"Fanconi anaemia nuclear complex","CC",1
"Other",0.533335261266368,0.652767170260809,10,18,NA,NA,1
"GO:0045252",0.533361506452371,0.999999999999996,1,1,"oxoglutarate dehydrogenase complex","CC",1
"GO:0005971",0.533575525471901,1.00000000000001,1,1,"ribonucleoside-diphosphate reductase complex","CC",1
"GO:0031931",0.533793454963871,0.999999999999987,1,1,"TORC1 complex","CC",1
"GO:0038201",0.533793454963871,0.999999999999987,1,1,"TOR complex","CC",1
"GO:0036038",0.533947614594821,1.00000000000001,1,1,"MKS complex","CC",1
"GO:0005726",0.534902900766506,0.999999999999982,1,1,"perichromatin fibrils","CC",1
"GO:0034706",0.534938920676679,1.00000000000001,1,1,"sodium channel complex","CC",1
"GO:0030897",0.535578005507617,0.999999999999985,1,1,"HOPS complex","CC",1
"GO:0033263",0.535578005507617,0.999999999999985,1,1,"CORVET complex","CC",1
"GO:0048269",0.535607936754494,0.999999999999996,1,1,"methionine adenosyltransferase complex","CC",1
"GO:0005883",0.536629059400057,1,1,1,"neurofilament","CC",1
"GO:0099160",0.536629059400057,1,1,1,"postsynaptic intermediate filament cytoskeleton","CC",1
"GO:0097208",0.537065291070693,0.999999999999978,1,1,"alveolar lamellar body","CC",1
"GO:0097232",0.537065291070693,0.999999999999978,1,1,"lamellar body membrane","CC",1
"GO:0097233",0.537065291070693,0.999999999999978,1,1,"alveolar lamellar body membrane","CC",1
"GO:0000439",0.538577998341546,1.00000000000001,1,1,"transcription factor TFIIH core complex","CC",1
"GO:0005675",0.538577998341546,1.00000000000001,1,1,"transcription factor TFIIH holo complex","CC",1
"GO:0032806",0.538577998341546,1.00000000000001,1,1,"carboxy-terminal domain protein kinase complex","CC",1
"GO:0098560",0.538603292072325,0.999999999999989,1,1,"cytoplasmic side of late endosome membrane","CC",1
"GO:0032937",0.539465662355078,1.00000000000002,1,1,"SREBP-SCAP-Insig complex","CC",1
"GO:0016327",0.539612814523785,1.00000000000001,1,1,"apicolateral plasma membrane","CC",1
"GO:0000813",0.54125744915371,1.00000000000003,1,1,"ESCRT I complex","CC",1
"GO:0005915",0.541392671744173,0.999999999999994,1,1,"zonula adherens","CC",1
"GO:0099080",0.541465248733002,0.561257433429505,35,65,"supramolecular complex","CC",1
"GO:1990131",0.54147397897869,1.00000000000001,1,1,"Gtr1-Gtr2 GTPase complex","CC",1
"GO:0070469",0.541908559451215,0.683794394285009,7,12,"respirasome","CC",1
"GO:0005947",0.542597608517499,0.999999999999991,1,1,"mitochondrial alpha-ketoglutarate dehydrogenase complex","CC",1
"GO:0030062",0.542597608517499,0.999999999999991,1,1,"mitochondrial tricarboxylic acid cycle enzyme complex","CC",1
"GO:0002102",0.542615115941021,0.852913462938414,2,3,"podosome","CC",1
"GO:0060076",0.542615115941143,0.85291346293835,2,3,"excitatory synapse","CC",1
"GO:0016459",0.542615240744182,0.852913393153055,2,3,"myosin complex","CC",1
"GO:0005879",0.54280089709747,0.999999999999992,1,1,"axonemal microtubule","CC",1
"GO:0005682",0.542939882473867,0.999999999999979,1,1,"U5 snRNP","CC",1
"GO:0060170",0.543519633543386,0.852407073817027,2,3,"ciliary membrane","CC",1
"GO:0017101",0.543611118891319,0.999999999999977,1,1,"aminoacyl-tRNA synthetase multienzyme complex","CC",1
"GO:0005736",0.543657975774024,1.00000000000001,1,1,"RNA polymerase I complex","CC",1
"GO:1990589",0.543958574573991,1,1,1,"ATF4-CREB1 transcription factor complex","CC",1
"GO:1990590",0.543958574573991,1,1,1,"ATF1-ATF4 transcription factor complex","CC",1
"GO:0033290",0.544658220600673,0.999999999999989,1,1,"eukaryotic 48S preinitiation complex","CC",1
"GO:0043614",0.544658220600673,0.999999999999989,1,1,"multi-eIF complex","CC",1
"GO:0031262",0.545115181742986,0.999999999999985,1,1,"Ndc80 complex","CC",1
"GO:0005790",0.545229783023131,0.999999999999998,1,1,"smooth endoplasmic reticulum","CC",1
"GO:0001527",0.545239339445551,1.00000000000001,1,1,"microfibril","CC",1
"GO:0071953",0.545239339445551,1.00000000000001,1,1,"elastic fiber","CC",1
"GO:0071159",0.545421092989799,0.999999999999989,1,1,"NF-kappaB complex","CC",1
"GO:0034703",0.545887941357664,0.851075334400729,2,3,"cation channel complex","CC",1
"GO:0035805",0.546016477748649,0.999999999999984,1,1,"egg coat","CC",1
"GO:0098595",0.546016477748649,0.999999999999984,1,1,"perivitelline space","CC",1
"GO:0005581",0.546673185063198,1.00000000000002,1,1,"collagen trimer","CC",1
"GO:0031201",0.546925206985043,0.999999999999999,1,1,"SNARE complex","CC",1
"GO:0070044",0.546925206985043,0.999999999999999,1,1,"synaptobrevin 2-SNAP-25-syntaxin-1a complex","CC",1
"GO:0031428",0.547976902699049,0.999999999999992,1,1,"box C/D RNP complex","CC",1
"GO:0000120",0.548250760550603,0.999999999999993,1,1,"RNA polymerase I transcription regulator complex","CC",1
"GO:0005668",0.548250760550603,0.999999999999993,1,1,"RNA polymerase transcription factor SL1 complex","CC",1
"GO:0042720",0.548848998122956,1.00000000000002,1,1,"mitochondrial inner membrane peptidase complex","CC",1
"GO:0043186",0.549153843950137,1.00000000000001,1,1,"P granule","CC",1
"GO:0045495",0.549153843950137,1.00000000000001,1,1,"pole plasm","CC",1
"GO:0060293",0.549153843950137,1.00000000000001,1,1,"germ plasm","CC",1
"GO:0031422",0.549242448670472,1.00000000000002,1,1,"RecQ family helicase-topoisomerase III complex","CC",1
"GO:0031430",0.549809836396648,0.848851214522329,2,3,"M band","CC",1
"GO:0031672",0.549809836396648,0.848851214522329,2,3,"A band","CC",1
"GO:0002080",0.553120906682964,0.846955093280363,2,3,"acrosomal membrane","CC",1
"GO:0031941",0.55356208569934,1.00000000000002,1,1,"filamentous actin","CC",1
"GO:0005604",0.554150115475767,0.846362243891394,2,3,"basement membrane","CC",1
"GO:0005881",0.554344926563117,0.846249842310253,2,3,"cytoplasmic microtubule","CC",1
"GO:0030018",0.555390164138708,0.845645752489756,2,3,"Z disc","CC",1
"GO:0031674",0.555390164138708,0.845645752489756,2,3,"I band","CC",1
"GO:0030286",0.555667226413571,0.84548533940265,2,3,"dynein complex","CC",1
"GO:0032580",0.555910612896312,0.845344324712292,2,3,"Golgi cisterna membrane","CC",1
"GO:0000313",0.556143740215802,0.999999999999989,1,1,"organellar ribosome","CC",1
"GO:0000315",0.556143740215802,0.999999999999989,1,1,"organellar large ribosomal subunit","CC",1
"GO:0005761",0.556143740215802,0.999999999999989,1,1,"mitochondrial ribosome","CC",1
"GO:0005762",0.556143740215802,0.999999999999989,1,1,"mitochondrial large ribosomal subunit","CC",1
"GO:0097546",0.556843905931436,0.844802726920063,2,3,"ciliary base","CC",1
"GO:0120003",0.557065599946816,1.00000000000002,1,1,"hinge region between urothelial plaques of apical plasma membrane","CC",1
"GO:0005801",0.558669069145701,0.843739609834692,2,3,"cis-Golgi network","CC",1
"GO:0071735",0.55910716065648,0.999999999999981,1,1,"IgG immunoglobulin complex","CC",1
"GO:0043296",0.55920091320784,0.771234583192946,3,5,"apical junction complex","CC",1
"GO:0030532",0.559829535880025,0.843060927697669,2,3,"small nuclear ribonucleoprotein complex","CC",1
"GO:0097525",0.559829535880025,0.843060927697669,2,3,"spliceosomal snRNP complex","CC",1
"GO:0030008",0.559900811709758,0.999999999999986,1,1,"TRAPP complex","CC",1
"GO:1990072",0.559900811709758,0.999999999999986,1,1,"TRAPPIII protein complex","CC",1
"GO:0042105",0.560358915064817,0.999999999999984,1,1,"alpha-beta T cell receptor complex","CC",1
"GO:0097542",0.560483099391792,0.842677760766999,2,3,"ciliary tip","CC",1
"GO:0097225",0.562181935242945,1.00000000000001,1,1,"sperm midpiece","CC",1
"GO:0035976",0.562589060782589,0.841438465917511,2,3,"transcription factor AP-1 complex","CC",1
"GO:0000220",0.562692045096606,0.841377681137128,2,3,"vacuolar proton-transporting V-type ATPase, V0 domain","CC",1
"GO:0016471",0.562692045096606,0.841377681137128,2,3,"vacuolar proton-transporting V-type ATPase complex","CC",1
"GO:0033176",0.562692045096606,0.841377681137128,2,3,"proton-transporting V-type ATPase complex","CC",1
"GO:0033179",0.562692045096606,0.841377681137128,2,3,"proton-transporting V-type ATPase, V0 domain","CC",1
"GO:0000276",0.565986305262987,0.99999999999999,1,1,"mitochondrial proton-transporting ATP synthase complex, coupling factor F(o)","CC",1
"GO:0005796",0.566832309994216,0.838919838607113,2,3,"Golgi lumen","CC",1
"GO:0030017",0.568188740453162,0.764378763613491,3,5,"sarcomere","CC",1
"GO:0035579",0.56936138003251,0.719022319266663,4,7,"specific granule membrane","CC",1
"GO:0042641",0.570568579718045,0.717994401137249,4,7,"actomyosin","CC",1
"GO:0005744",0.570901219222163,0.836477270844213,2,3,"TIM23 mitochondrial import inner membrane translocase complex","CC",1
"GO:0030175",0.572498055542453,0.716346649343847,4,7,"filopodium","CC",1
"GO:0005637",0.577373231397312,0.75723303195117,3,5,"nuclear inner membrane","CC",1
"GO:0031967",0.578593692298402,0.51467427207724,43,80,"organelle envelope","CC",1
"GO:0031975",0.578593692298402,0.51467427207724,43,80,"envelope","CC",1
"GO:0015630",0.579099377523031,0.515720790099956,41,77,"microtubule cytoskeleton","CC",1
"GO:0015629",0.581827292977779,0.560992804699356,17,32,"actin cytoskeleton","CC",1
"GO:0043197",0.582154259506886,0.677035496077695,5,9,"dendritic spine","CC",1
"GO:0044309",0.582154259506886,0.677035496077695,5,9,"neuron spine","CC",1
"GO:0005740",0.582821123829612,0.535233804939107,26,48,"mitochondrial envelope","CC",1
"GO:0031090",0.582959095676509,0.480384809483982,109,204,"organelle membrane","CC",1
"GO:0045111",0.588290294551726,0.702633823718847,4,7,"intermediate filament cytoskeleton","CC",1
"GO:0016469",0.594565442873971,0.743464665384704,3,5,"proton-transporting two-sector ATPase complex","CC",1
"GO:0033177",0.594565442873971,0.743464665384704,3,5,"proton-transporting two-sector ATPase complex, proton-transporting domain","CC",1
"GO:0005635",0.601261318891746,0.537108763933278,18,34,"nuclear envelope","CC",1
"GO:1904949",0.601595917192231,0.658976696619093,5,9,"ATPase complex","CC",1
"GO:0005802",0.603146929809188,0.616122662462073,7,13,"trans-Golgi network","CC",1
"GO:0005775",0.603641535980149,0.615634260821291,7,13,"vacuolar lumen","CC",1
"GO:0070069",0.604636757407,0.735153185897422,3,5,"cytochrome complex","CC",1
"GO:0005773",0.611440038959631,0.498268581579452,29,55,"vacuole","CC",1
"GO:0030136",0.615365691409263,0.603955502575577,7,13,"clathrin-coated vesicle","CC",1
"GO:0005667",0.619940043475776,0.513973417596781,19,36,"transcription regulator complex","CC",1
"GO:0110165",0.620369245558583,0.549874415273004,458,853,"cellular anatomical entity","CC",1
"GO:0098791",0.62060949518539,0.571967158824521,9,17,"Golgi apparatus subcompartment","CC",1
"GO:0030135",0.623978346038317,0.580570928872539,8,15,"coated vesicle","CC",1
"GO:0120025",0.63400337788795,0.453236024120393,46,88,"plasma membrane bounded cell projection","CC",1
"GO:0090575",0.635823008960234,0.545958311502794,10,19,"RNA polymerase II transcription regulator complex","CC",1
"GO:0042995",0.637482807599497,0.44868451757377,47,90,"cell projection","CC",1
"GO:0034774",0.637872965954672,0.527493609866127,12,23,"secretory granule lumen","CC",1
"GO:0030667",0.640597630636758,0.524601074200986,12,23,"secretory granule membrane","CC",1
"GO:0005575",0.652767215471599,0.533335216055577,460,857,"cellular_component","CC",1
"GO:0005874",0.658608493433796,0.482676343109386,16,31,"microtubule","CC",1
"GO:0098588",0.672133458554948,0.402477975391575,61,117,"bounding membrane of organelle","CC",1
"GO:0005759",0.678720025871629,0.456352554621587,17,33,"mitochondrial matrix","CC",1
"GO:0005694",0.695632498404525,0.380380095161282,55,106,"chromosome","CC",1
"GO:0005739",0.696821374061442,0.377569430445087,58,111,"mitochondrion","CC",1
"GO:0061695",0.697351673685946,0.494188949450333,8,16,"transferase complex, transferring phosphorus-containing groups","CC",1
"GO:0001726",0.698465014733961,0.522934347575916,6,12,"ruffle","CC",1
"GO:0005815",0.705356742149458,0.405101419784917,24,47,"microtubule organizing center","CC",1
"GO:0070820",0.706022382479117,0.497644835095187,7,14,"tertiary granule","CC",1
"GO:0042581",0.706709107929356,0.513464328821642,6,12,"specific granule","CC",1
"GO:0098862",0.708663286036951,0.561016096334768,4,8,"cluster of actin-based cell projections","CC",1
"GO:0032040",0.713290702642373,0.505810662434254,6,12,"small-subunit processome","CC",1
"GO:0016605",0.713447131775867,0.555505488438863,4,8,"PML body","CC",1
"GO:0031983",0.713503288193048,0.440040110406377,12,24,"vesicle lumen","CC",1
"GO:0060205",0.713503288193048,0.440040110406377,12,24,"cytoplasmic vesicle lumen","CC",1
"GO:0031901",0.71420677631499,0.554625523298212,4,8,"early endosome membrane","CC",1
"GO:0034702",0.716162762392183,0.593374722693549,3,6,"monoatomic ion channel complex","CC",1
"GO:0072686",0.717289465608271,0.484503215278645,7,14,"mitotic spindle","CC",1
"GO:0030880",0.718805662559365,0.590349154329469,3,6,"RNA polymerase complex","CC",1
"GO:0005930",0.720532783540178,0.588361852830168,3,6,"axoneme","CC",1
"GO:0097014",0.720532783540178,0.588361852830168,3,6,"ciliary plasm","CC",1
"GO:0042383",0.722606561082116,0.585965023061801,3,6,"sarcolemma","CC",1
"GO:0005882",0.723518834361611,0.58490693178306,3,6,"intermediate filament","CC",1
"GO:0005905",0.72937437193933,0.64405372859757,2,4,"clathrin-coated pit","CC",1
"GO:0005923",0.730309531338681,0.643003831976407,2,4,"bicellular tight junction","CC",1
"GO:0070160",0.730309531338681,0.643003831976407,2,4,"tight junction","CC",1
"GO:0070603",0.731184942509146,0.642018464574811,2,4,"SWI/SNF superfamily-type complex","CC",1
"GO:0016604",0.733282447752812,0.353756200804244,36,71,"nuclear body","CC",1
"GO:0043227",0.741801121142123,0.316430877830098,375,704,"membrane-bounded organelle","CC",1
"GO:0009295",0.742266452837192,0.629327483280055,2,4,"nucleoid","CC",1
"GO:0042645",0.742266452837192,0.629327483280055,2,4,"mitochondrial nucleoid","CC",1
"GO:0097431",0.743458448279987,0.627937825159112,2,4,"mitotic spindle pole","CC",1
"GO:0005813",0.743647008400688,0.373203799990658,19,38,"centrosome","CC",1
"GO:0031970",0.746963282877434,0.623823469642019,2,4,"organelle envelope lumen","CC",1
"GO:0005791",0.747339985033182,0.623378717843574,2,4,"rough endoplasmic reticulum","CC",1
"GO:0120114",0.749598566567697,0.620701695262368,2,4,"Sm-like protein family complex","CC",1
"GO:0015934",0.755348918092223,0.613804064716861,2,4,"large ribosomal subunit","CC",1
"GO:0016607",0.776385478327298,0.338834002495063,17,35,"nuclear speck","CC",1
"GO:0016592",0.777886779320183,0.721070701557995,1,2,"mediator complex","CC",1
"GO:0031011",0.777886779320439,0.721070701557709,1,2,"Ino80 complex","CC",1
"GO:0032585",0.777886779320461,0.721070701557694,1,2,"multivesicular body membrane","CC",1
"GO:0031528",0.777886779320496,0.721070701557651,1,2,"microvillus membrane","CC",1
"GO:0098982",0.777886779320749,0.72107070155736,1,2,"GABA-ergic synapse","CC",1
"GO:0005916",0.777895037415627,0.721061446044213,1,2,"fascia adherens","CC",1
"GO:0014704",0.777895037415627,0.721061446044213,1,2,"intercalated disc","CC",1
"GO:0031143",0.777895037415722,0.721061446044106,1,2,"pseudopodium","CC",1
"GO:0031093",0.778079441932061,0.720854684054231,1,2,"platelet alpha granule lumen","CC",1
"GO:0000792",0.778446410964519,0.720442738620475,1,2,"heterochromatin","CC",1
"GO:0005721",0.778446410964519,0.720442738620475,1,2,"pericentric heterochromatin","CC",1
"GO:0000407",0.77866935666648,0.720192152781095,1,2,"phagophore assembly site","CC",1
"GO:0034045",0.77866935666648,0.720192152781095,1,2,"phagophore assembly site membrane","CC",1
"GO:0016234",0.779111200500276,0.719694824194806,1,2,"inclusion body","CC",1
"GO:0042405",0.779111200500276,0.719694824194806,1,2,"nuclear inclusion body","CC",1
"GO:0031074",0.779180607797794,0.719616615577636,1,2,"nucleocytoplasmic transport complex","CC",1
"GO:0042564",0.779180607797794,0.719616615577636,1,2,"NLS-dependent protein nuclear import complex","CC",1
"GO:1990907",0.779248159394566,0.719540475664486,1,2,"beta-catenin-TCF complex","CC",1
"GO:0000159",0.779764404146831,0.7189578691232,1,2,"protein phosphatase type 2A complex","CC",1
"GO:0032777",0.780093800298688,0.718585455870308,1,2,"Piccolo NuA4 histone acetyltransferase complex","CC",1
"GO:0035267",0.780093800298688,0.718585455870308,1,2,"NuA4 histone acetyltransferase complex","CC",1
"GO:0043189",0.780093800298688,0.718585455870308,1,2,"H4/H2A histone acetyltransferase complex","CC",1
"GO:0030425",0.780096389406567,0.362723009979812,11,23,"dendrite","CC",1
"GO:0044232",0.78010959763122,0.718567582279924,1,2,"organelle membrane contact site","CC",1
"GO:0043204",0.781416851078703,0.717084305276219,1,2,"perikaryon","CC",1
"GO:0032045",0.781444030845943,0.717053377155404,1,2,"guanyl-nucleotide exchange factor complex","CC",1
"GO:0032809",0.781748337354335,0.71670685660153,1,2,"neuronal cell body membrane","CC",1
"GO:0044298",0.781748337354335,0.71670685660153,1,2,"cell body membrane","CC",1
"GO:0099571",0.781763151514348,0.716689975794136,1,2,"postsynaptic cytoskeleton","CC",1
"GO:0000164",0.782021115218874,0.716395852073962,1,2,"protein phosphatase type 1 complex","CC",1
"GO:0005798",0.782205005213745,0.716185985562899,1,2,"Golgi-associated vesicle","CC",1
"GO:0030120",0.782260684886146,0.716122407681206,1,2,"vesicle coat","CC",1
"GO:0048471",0.782481617951208,0.338838659295168,15,31,"perinuclear region of cytoplasm","CC",1
"GO:0044292",0.782504291763155,0.71584406530112,1,2,"dendrite terminus","CC",1
"GO:0016591",0.782682092667067,0.715640727224156,1,2,"RNA polymerase II, holoenzyme","CC",1
"GO:0001891",0.783170130586724,0.715081790129848,1,2,"phagocytic cup","CC",1
"GO:0090571",0.78324095996567,0.715000573069552,1,2,"RNA polymerase II transcription repressor complex","CC",1
"GO:0031527",0.78374580700468,0.714420964829188,1,2,"filopodium membrane","CC",1
"GO:0036452",0.783945469159581,0.714191385533313,1,2,"ESCRT complex","CC",1
"GO:0032009",0.784873709934764,0.713121444783041,1,2,"early phagosome","CC",1
"GO:0044217",0.784973798267947,0.713005819876277,1,2,"other organism part","CC",1
"GO:0035869",0.785062070491727,0.712903803545562,1,2,"ciliary transition zone","CC",1
"GO:0016282",0.785904633233145,0.711928079423355,1,2,"eukaryotic 43S preinitiation complex","CC",1
"GO:0070993",0.785904633233145,0.711928079423355,1,2,"translation preinitiation complex","CC",1
"GO:0032153",0.78617573809883,0.711613366512817,1,2,"cell division site","CC",1
"GO:0032154",0.78617573809883,0.711613366512817,1,2,"cleavage furrow","CC",1
"GO:0000795",0.786485449728966,0.711253381459791,1,2,"synaptonemal complex","CC",1
"GO:0099086",0.786485449728966,0.711253381459791,1,2,"synaptonemal structure","CC",1
"GO:0000782",0.786512002279407,0.711222496176776,1,2,"telomere cap complex","CC",1
"GO:0000783",0.786512002279407,0.711222496176776,1,2,"nuclear telomere cap complex","CC",1
"GO:0140445",0.786512002279407,0.711222496176776,1,2,"chromosome, telomeric repeat region","CC",1
"GO:0071005",0.78724588174402,0.710367447117923,1,2,"U2-type precatalytic spliceosome","CC",1
"GO:0001533",0.789130412432576,0.708159145966516,1,2,"cornified envelope","CC",1
"GO:0010009",0.789410628881619,0.707829225234797,1,2,"cytoplasmic side of endosome membrane","CC",1
"GO:0030061",0.789779571346958,0.707394220033144,1,2,"mitochondrial crista","CC",1
"GO:0098576",0.79068539599998,0.706323196448392,1,2,"lumenal side of membrane","CC",1
"GO:0005697",0.791128833906279,0.705797324975304,1,2,"telomerase holoenzyme complex","CC",1
"GO:0005853",0.791744341454074,0.705065687097451,1,2,"eukaryotic translation elongation factor 1 complex","CC",1
"GO:1905360",0.793265540144336,0.703248898998673,1,2,"GTPase complex","CC",1
"GO:0043209",0.794123892817296,0.702218326981063,1,2,"myelin sheath","CC",1
"GO:0043218",0.794123892817296,0.702218326981063,1,2,"compact myelin","CC",1
"GO:0043220",0.794123892817296,0.702218326981063,1,2,"Schmidt-Lanterman incisure","CC",1
"GO:0034506",0.795632169082903,0.700397851752963,1,2,"chromosome, centromeric core domain","CC",1
"GO:0043505",0.795632169082903,0.700397851752963,1,2,"CENP-A containing nucleosome","CC",1
"GO:0061638",0.795632169082903,0.700397851752963,1,2,"CENP-A containing chromatin","CC",1
"GO:0000015",0.795709222261635,0.700304519514482,1,2,"phosphopyruvate hydratase complex","CC",1
"GO:0000922",0.797608350975863,0.390788081446534,6,13,"spindle pole","CC",1
"GO:0030684",0.79773196284587,0.376331518580263,7,15,"preribosome","CC",1
"GO:1990622",0.799672996432199,0.695459481684609,1,2,"CHOP-ATF3 complex","CC",1
"GO:0005750",0.801787045504582,0.692839710621592,1,2,"mitochondrial respiratory chain complex III","CC",1
"GO:0045275",0.801787045504582,0.692839710621592,1,2,"respiratory chain complex III","CC",1
"GO:0072546",0.804745705772768,0.689130616482227,1,2,"EMC complex","CC",1
"GO:0099568",0.808749101326256,0.417597139259197,4,9,"cytoplasmic region","CC",1
"GO:0005753",0.809817909722468,0.682653058652098,1,2,"mitochondrial proton-transporting ATP synthase complex","CC",1
"GO:0045259",0.809817909722468,0.682653058652098,1,2,"proton-transporting ATP synthase complex","CC",1
"GO:0045263",0.809817909722468,0.682653058652098,1,2,"proton-transporting ATP synthase complex, coupling factor F(o)","CC",1
"GO:0030665",0.8110803891766,0.390184363550853,5,11,"clathrin-coated vesicle membrane","CC",1
"GO:0000776",0.811967802984227,0.388923505860456,5,11,"kinetochore","CC",1
"GO:0000779",0.811967802984227,0.388923505860456,5,11,"condensed chromosome, centromeric region","CC",1
"GO:0005776",0.822781120700539,0.431133045114886,3,7,"autophagosome","CC",1
"GO:0035770",0.822839305485171,0.397025704762448,4,9,"ribonucleoprotein granule","CC",1
"GO:0036464",0.822839305485171,0.397025704762448,4,9,"cytoplasmic ribonucleoprotein granule","CC",1
"GO:0034708",0.8245080900742,0.428505630285685,3,7,"methyltransferase complex","CC",1
"GO:0005777",0.828206032403089,0.42283576774196,3,7,"peroxisome","CC",1
"GO:0042579",0.828206032403089,0.42283576774196,3,7,"microbody","CC",1
"GO:0031252",0.82897435400517,0.295623222505526,11,24,"cell leading edge","CC",1
"GO:0005829",0.829038244339023,0.209396111585209,159,308,"cytosol","CC",1
"GO:0070382",0.830025172676053,0.420024311328052,3,7,"exocytic vesicle","CC",1
"GO:0070821",0.831618004419505,0.417550365882959,3,7,"tertiary granule membrane","CC",1
"GO:0005925",0.833786585491768,0.289053520861655,11,24,"focal adhesion","CC",1
"GO:0097447",0.836108656937967,0.285864808459196,11,24,"dendritic tree","CC",1
"GO:0044391",0.83943935621168,0.405232258168437,3,7,"ribosomal subunit","CC",1
"GO:0140534",0.84055885673074,0.403445417531261,3,7,"endoplasmic reticulum protein-containing complex","CC",1
"GO:0098797",0.843980163546546,0.280939340640923,10,22,"plasma membrane protein complex","CC",1
"GO:0008287",0.849528901413328,0.441941922586077,2,5,"protein serine/threonine phosphatase complex","CC",1
"GO:1903293",0.849528901413328,0.441941922586077,2,5,"phosphatase complex","CC",1
"GO:0005783",0.851927426774438,0.201395494274749,52,105,"endoplasmic reticulum","CC",1
"GO:0000775",0.852589407913399,0.283522424100446,8,18,"chromosome, centromeric region","CC",1
"GO:0000428",0.854369449771054,0.433622672534929,2,5,"DNA-directed RNA polymerase complex","CC",1
"GO:0055029",0.854369449771054,0.433622672534929,2,5,"nuclear DNA-directed RNA polymerase complex","CC",1
"GO:0035861",0.854765649091755,0.432935040253814,2,5,"site of double-strand break","CC",1
"GO:0036064",0.858815806527141,0.425846019994596,2,5,"ciliary basal body","CC",1
"GO:0035580",0.860709709955542,0.422493120498206,2,5,"specific granule lumen","CC",1
"GO:0070161",0.860835697745376,0.220185583773918,20,43,"anchoring junction","CC",1
"GO:0005840",0.874972116632178,0.28437884345562,5,12,"ribosome","CC",1
"GO:0030662",0.876549601583151,0.28176852469315,5,12,"coated vesicle membrane","CC",1
"GO:0030055",0.879985905121212,0.220853273719862,11,25,"cell-substrate junction","CC",1
"GO:0098794",0.880630605873455,0.224924195572814,10,23,"postsynapse","CC",1
"GO:0044297",0.888053849305991,0.225999436646086,8,19,"cell body","CC",1
"GO:0005622",0.890549534068463,0.155061785569486,411,775,"intracellular anatomical structure","CC",1
"GO:0031461",0.894953800212743,0.294206558639353,3,8,"cullin-RING ubiquitin ligase complex","CC",1
"GO:0030118",0.895549482451447,0.457324795341592,1,3,"clathrin coat","CC",1
"GO:0031091",0.895613469743433,0.457180965222132,1,3,"platelet alpha granule","CC",1
"GO:0005643",0.896099370494473,0.456086941022824,1,3,"nuclear pore","CC",1
"GO:0030139",0.89653473229547,0.212446156973824,8,19,"endocytic vesicle","CC",1
"GO:0097346",0.896562048054082,0.455042201562239,1,3,"INO80-type complex","CC",1
"GO:0032838",0.896854780636406,0.290565294096795,3,8,"plasma membrane bounded cell projection cytoplasm","CC",1
"GO:0005814",0.89726841727351,0.289769443560181,3,8,"centriole","CC",1
"GO:0030863",0.898409985634844,0.287566375016966,3,8,"cortical cytoskeleton","CC",1
"GO:0034451",0.898530363202271,0.287333490223369,3,8,"centriolar satellite","CC",1
"GO:0005793",0.898842659579361,0.286728803106659,3,8,"endoplasmic reticulum-Golgi intermediate compartment","CC",1
"GO:1902562",0.899368951896591,0.44864030323347,1,3,"H4 histone acetyltransferase complex","CC",1
"GO:0005876",0.899762819376479,0.284942811677709,3,8,"spindle microtubule","CC",1
"GO:0000794",0.899886267820056,0.447448266001515,1,3,"condensed nuclear chromosome","CC",1
"GO:0071011",0.900030467104322,0.447115306624236,1,3,"precatalytic spliceosome","CC",1
"GO:0008023",0.900769552230408,0.445404026433203,1,3,"transcription elongation factor complex","CC",1
"GO:0005666",0.900958379996552,0.444965542125346,1,3,"RNA polymerase III complex","CC",1
"GO:0051233",0.901350139448855,0.444054161424659,1,3,"spindle midzone","CC",1
"GO:0033116",0.901583068905672,0.443511212994992,1,3,"endoplasmic reticulum-Golgi intermediate compartment membrane","CC",1
"GO:0015935",0.902060587981101,0.442395638110428,1,3,"small ribosomal subunit","CC",1
"GO:0022627",0.902060587981101,0.442395638110428,1,3,"cytosolic small ribosomal subunit","CC",1
"GO:0030688",0.903303292164271,0.439476560541924,1,3,"preribosome, small subunit precursor","CC",1
"GO:0030672",0.903958689562171,0.437927704952097,1,3,"synaptic vesicle membrane","CC",1
"GO:0099501",0.903958689562171,0.437927704952097,1,3,"exocytic vesicle membrane","CC",1
"GO:0030867",0.904689697266034,0.43619245843935,1,3,"rough endoplasmic reticulum membrane","CC",1
"GO:0022625",0.905737181793185,0.433691640673651,1,3,"cytosolic large ribosomal subunit","CC",1
"GO:0005758",0.906341265448121,0.432241661661579,1,3,"mitochondrial intermembrane space","CC",1
"GO:0036477",0.907088309511703,0.17074835997824,13,30,"somatodendritic compartment","CC",1
"GO:0071007",0.908059532459366,0.428085779719442,1,3,"U2-type catalytic step 2 spliceosome","CC",1
"GO:0005732",0.909096113939174,0.425555721142137,1,3,"sno(s)RNA-containing ribonucleoprotein complex","CC",1
"GO:0030134",0.910294720821078,0.422608262390801,1,3,"COPII-coated ER to Golgi transport vesicle","CC",1
"GO:0000123",0.918054915379585,0.286316582355047,2,6,"histone acetyltransferase complex","CC",1
"GO:0042470",0.919935251251675,0.282007978255438,2,6,"melanosome","CC",1
"GO:0048770",0.919935251251675,0.282007978255438,2,6,"pigment granule","CC",1
"GO:0035578",0.921043574578271,0.279447954061998,2,6,"azurophil granule lumen","CC",1
"GO:0008021",0.922848264245817,0.275246282367575,2,6,"synaptic vesicle","CC",1
"GO:0005684",0.926785509917262,0.2659318992612,2,6,"U2-type spliceosomal complex","CC",1
"GO:0030658",0.927390788810932,0.264481419001269,2,6,"transport vesicle membrane","CC",1
"GO:0043025",0.929975547432211,0.15949562078651,7,18,"neuronal cell body","CC",1
"GO:0005875",0.930297561868912,0.1931851605078,4,11,"microtubule associated complex","CC",1
"GO:0043226",0.930355641758437,0.0991292730833106,393,745,"organelle","CC",1
"GO:0031984",0.936784729131258,0.0993531054592357,34,74,"organelle subcompartment","CC",1
"GO:0022626",0.942776269204133,0.184572891746936,3,9,"cytosolic ribosome","CC",1
"GO:0015030",0.944389653949639,0.18077264050593,3,9,"Cajal body","CC",1
"GO:0043231",0.944784012908683,0.0755403609481233,350,669,"intracellular membrane-bounded organelle","CC",1
"GO:0017053",0.945425130084221,0.178314602799298,3,9,"transcription repressor complex","CC",1
"GO:0000228",0.947752498163619,0.140473525074939,5,14,"nuclear chromosome","CC",1
"GO:0098687",0.950160114915623,0.110998374702014,9,23,"chromosomal region","CC",1
"GO:0000793",0.951167542866519,0.133241712640258,5,14,"condensed chromosome","CC",1
"GO:0030117",0.951888450250332,0.267379808875179,1,4,"membrane coat","CC",1
"GO:0048475",0.951888450250332,0.267379808875179,1,4,"coated membrane","CC",1
"GO:0000421",0.951979000385343,0.267070829775613,1,4,"autophagosome membrane","CC",1
"GO:0030133",0.952082453938758,0.131282337976593,5,14,"transport vesicle","CC",1
"GO:0043195",0.95259874843707,0.264948686974394,1,4,"terminal bouton","CC",1
"GO:0043679",0.95259874843707,0.264948686974394,1,4,"axon terminus","CC",1
"GO:0044306",0.95259874843707,0.264948686974394,1,4,"neuron projection terminus","CC",1
"GO:0001673",0.953554262825059,0.26165109564911,1,4,"male germ cell nucleus","CC",1
"GO:0005789",0.953629926840832,0.0784906233483934,27,61,"endoplasmic reticulum membrane","CC",1
"GO:0098827",0.953629926840832,0.0784906233483934,27,61,"endoplasmic reticulum subcompartment","CC",1
"GO:0001750",0.95436937820008,0.2588128484368,1,4,"photoreceptor outer segment","CC",1
"GO:0098978",0.954713452066862,0.110563429831364,7,19,"glutamatergic synapse","CC",1
"GO:0030670",0.955091471945633,0.256278689597004,1,4,"phagocytic vesicle membrane","CC",1
"GO:0032420",0.95520361880682,0.255883419189532,1,4,"stereocilium","CC",1
"GO:0032421",0.95520361880682,0.255883419189532,1,4,"stereocilium bundle","CC",1
"GO:0032588",0.955254953370316,0.255702333151947,1,4,"trans-Golgi network membrane","CC",1
"GO:0031248",0.956045769661037,0.178043858108026,2,7,"protein acetyltransferase complex","CC",1
"GO:1902493",0.956045769661037,0.178043858108026,2,7,"acetyltransferase complex","CC",1
"GO:0019898",0.956331557087308,0.177227795058737,2,7,"extrinsic component of membrane","CC",1
"GO:0005938",0.956405203594378,0.131684256008762,4,12,"cell cortex","CC",1
"GO:0101003",0.957357880820655,0.174281442388926,2,7,"ficolin-1-rich granule membrane","CC",1
"GO:0030426",0.957781818124591,0.173057132889804,2,7,"growth cone","CC",1
"GO:0090734",0.957856030582251,0.172842367446031,2,7,"site of DNA damage","CC",1
"GO:0072562",0.957863342020876,0.246370922903831,1,4,"blood microparticle","CC",1
"GO:0045121",0.963436606583109,0.0976062220928346,6,17,"membrane raft","CC",1
"GO:0098857",0.963436606583109,0.0976062220928346,6,17,"membrane microdomain","CC",1
"GO:0042175",0.964995876500494,0.060829250395995,27,62,"nuclear outer membrane-endoplasmic reticulum membrane network","CC",1
"GO:0005741",0.966262545532698,0.120312812115488,3,10,"mitochondrial outer membrane","CC",1
"GO:0098984",0.967437948411886,0.0945563129661341,5,15,"neuron to neuron synapse","CC",1
"GO:1902494",0.970118351432859,0.0473872476313008,46,101,"catalytic complex","CC",1
"GO:0030424",0.970969811561337,0.0650194355825344,11,29,"axon","CC",1
"GO:0045202",0.972123744466629,0.0507081864582343,24,57,"synapse","CC",1
"GO:0140535",0.972581538246064,0.0554137010150267,16,40,"intracellular protein-containing complex","CC",1
"GO:0043005",0.974126336909121,0.0483966325494314,22,53,"neuron projection","CC",1
"GO:1990234",0.975288833405635,0.0481252805104952,19,47,"transferase complex","CC",1
"GO:0031974",0.975317571420753,0.0338046706123045,179,359,"membrane-enclosed lumen","CC",1
"GO:0043233",0.975317571420753,0.0338046706123045,179,359,"organelle lumen","CC",1
"GO:0070013",0.975317571420753,0.0338046706123045,179,359,"intracellular organelle lumen","CC",1
"GO:0032991",0.977238177342117,0.0315137642600823,158,319,"protein-containing complex","CC",1
"GO:0030427",0.977774729141787,0.103649527115246,2,8,"site of polarized growth","CC",1
"GO:0030054",0.978372852379566,0.0358173183735593,41,93,"cell junction","CC",1
"GO:0044853",0.97872444639115,0.145270619502453,1,5,"plasma membrane raft","CC",1
"GO:0043073",0.979004973140485,0.143962238921108,1,5,"germ cell nucleus","CC",1
"GO:0097730",0.979040292372179,0.143797048418618,1,5,"non-motile cilium","CC",1
"GO:0097731",0.979040292372179,0.143797048418618,1,5,"9+0 non-motile cilium","CC",1
"GO:0097733",0.979040292372179,0.143797048418618,1,5,"photoreceptor cell cilium","CC",1
"GO:0043229",0.979356062480672,0.0311873406830317,373,715,"intracellular organelle","CC",1
"GO:0000781",0.980178190329098,0.0951700128720055,2,8,"chromosome, telomeric region","CC",1
"GO:0030669",0.981271620752545,0.133141120580502,1,5,"clathrin-coated endocytic vesicle membrane","CC",1
"GO:0045334",0.981271620752545,0.133141120580502,1,5,"clathrin-coated endocytic vesicle","CC",1
"GO:0032279",0.985278031256703,0.0528816322812034,4,14,"asymmetric synapse","CC",1
"GO:0140513",0.986381330061248,0.0242641930079079,34,80,"nuclear protein-containing complex","CC",1
"GO:0045335",0.989300085153837,0.0569603936657979,2,9,"phagocytic vesicle","CC",1
"GO:0005681",0.989402744295708,0.036160609195632,5,17,"spliceosomal complex","CC",1
"GO:0030496",0.989928357674,0.0437770149949682,3,12,"midbody","CC",1
"GO:0030666",0.98997824252137,0.0541376626359117,2,9,"endocytic vesicle membrane","CC",1
"GO:0030864",0.990019996537676,0.0795798572730127,1,6,"cortical actin cytoskeleton","CC",1
"GO:0019867",0.990033720319792,0.0434075029943069,3,12,"outer membrane","CC",1
"GO:0031968",0.990033720319792,0.0434075029943069,3,12,"organelle outer membrane","CC",1
"GO:0071013",0.990920486566196,0.0742814863995901,1,6,"catalytic step 2 spliceosome","CC",1
"GO:0005634",0.993393737263537,0.00958609134936932,218,439,"nucleus","CC",1
"GO:0150034",0.994240205486358,0.0336447997533299,2,10,"distal axon","CC",1
"GO:0000151",0.994542645292889,0.0258173664837474,3,13,"ubiquitin ligase complex","CC",1
"GO:0014069",0.994645770963571,0.0254149471804677,3,13,"postsynaptic density","CC",1
"GO:0099572",0.994645770963571,0.0254149471804677,3,13,"postsynaptic specialization","CC",1
"GO:0005654",0.994856748371017,0.00778048896076122,127,268,"nucleoplasm","CC",1
"GO:1990904",0.99586101908014,0.00957452779402365,18,49,"ribonucleoprotein complex","CC",1
"GO:0031981",0.997850902481246,0.00334398876234911,139,295,"nuclear lumen","CC",1
"GO:0017146",0.999999999999997,0.470923874706062,0,1,"NMDA selective glutamate receptor complex","CC",1
"GO:0097440",0.999999999999997,0.470923874706062,0,1,"apical dendrite","CC",1
"GO:0099091",0.999999999999997,0.470923874706062,0,1,"postsynaptic specialization, intracellular component","CC",1
"GO:0099092",0.999999999999997,0.470923874706062,0,1,"postsynaptic density, intracellular component","CC",1
"GO:0005784",0.999999999999997,0.456818497990824,0,1,"Sec61 translocon complex","CC",1
"GO:0071256",0.999999999999997,0.456818497990824,0,1,"translocon complex","CC",1
"GO:0097550",0.999999999999998,0.466664165620397,0,1,"transcription preinitiation complex","CC",1
"GO:0005968",0.999999999999998,0.471592053955058,0,1,"Rab-protein geranylgeranyltransferase complex","CC",1
"GO:0043293",0.999999999999998,0.471572943569605,0,1,"apoptosome","CC",1
"GO:0000137",0.999999999999998,0.453462314044682,0,1,"Golgi cis cisterna","CC",1
"GO:0030119",0.999999999999998,0.471592053955436,0,1,"AP-type membrane coat adaptor complex","CC",1
"GO:0030123",0.999999999999998,0.471592053955436,0,1,"AP-3 adaptor complex","CC",1
"GO:0030131",0.999999999999998,0.471592053955436,0,1,"clathrin adaptor complex","CC",1
"GO:0000109",0.999999999999998,0.471592053954776,0,1,"nucleotide-excision repair complex","CC",1
"GO:0000110",0.999999999999998,0.471592053954776,0,1,"nucleotide-excision repair factor 1 complex","CC",1
"GO:0070522",0.999999999999998,0.471592053954776,0,1,"ERCC4-ERCC1 complex","CC",1
"GO:0000243",0.999999999999998,0.465466977261603,0,1,"commitment complex","CC",1
"GO:0001674",0.999999999999998,0.454483110936398,0,1,"female germ cell nucleus","CC",1
"GO:0005685",0.999999999999998,0.465466977261603,0,1,"U1 snRNP","CC",1
"GO:0030870",0.999999999999998,0.4715920539553,0,1,"Mre11 complex","CC",1
"GO:0042585",0.999999999999998,0.454483110936398,0,1,"germinal vesicle","CC",1
"GO:0043203",0.999999999999998,0.454483110936398,0,1,"axon hillock","CC",1
"GO:0045120",0.999999999999998,0.213506876793159,0,2,"pronucleus","CC",1
"GO:0070533",0.999999999999998,0.4715920539553,0,1,"BRCA1-C complex","CC",1
"GO:0071004",0.999999999999998,0.465466977261603,0,1,"U2-type prespliceosome","CC",1
"GO:0071010",0.999999999999998,0.465466977261603,0,1,"prespliceosome","CC",1
"GO:0072687",0.999999999999998,0.454483110936398,0,1,"meiotic spindle","CC",1
"GO:0033256",0.999999999999999,0.45743006058635,0,1,"I-kappaB/NF-kappaB complex","CC",1
"GO:0005827",0.999999999999999,0.457125015227145,0,1,"polar microtubule","CC",1
"GO:0044302",0.999999999999999,0.470024707284912,0,1,"dentate gyrus mossy fiber","CC",1
"GO:0097457",0.999999999999999,0.470024707284912,0,1,"hippocampal mossy fiber","CC",1
"GO:1990026",0.999999999999999,0.470024707284912,0,1,"hippocampal mossy fiber expansion","CC",1
"GO:0032281",0.999999999999999,0.45328807414979,0,1,"AMPA glutamate receptor complex","CC",1
"GO:0000939",0.999999999999999,0.456809187203141,0,1,"inner kinetochore","CC",1
"GO:0035032",0.999999999999999,0.470916042521899,0,1,"phosphatidylinositol 3-kinase complex, class III","CC",1
"GO:0044233",0.999999999999999,0.470916042521899,0,1,"mitochondria-associated endoplasmic reticulum membrane","CC",1
"GO:0097629",0.999999999999999,0.470916042521899,0,1,"extrinsic component of omegasome membrane","CC",1
"GO:0097632",0.999999999999999,0.470916042521899,0,1,"extrinsic component of phagophore assembly site membrane","CC",1
"GO:1903349",0.999999999999999,0.470916042521899,0,1,"omegasome membrane","CC",1
"GO:1990462",0.999999999999999,0.470916042521899,0,1,"omegasome","CC",1
"GO:0000172",0.999999999999999,0.45528478907823,0,1,"ribonuclease MRP complex","CC",1
"GO:0005655",0.999999999999999,0.45528478907823,0,1,"nucleolar ribonuclease P complex","CC",1
"GO:0008328",0.999999999999999,0.213179913767169,0,2,"ionotropic glutamate receptor complex","CC",1
"GO:0030677",0.999999999999999,0.45528478907823,0,1,"ribonuclease P complex","CC",1
"GO:0030681",0.999999999999999,0.45528478907823,0,1,"multimeric ribonuclease P complex","CC",1
"GO:0035749",0.999999999999999,0.46543883525733,0,1,"myelin sheath adaxonal region","CC",1
"GO:0097452",0.999999999999999,0.459306422300085,0,1,"GAIT complex","CC",1
"GO:0098878",0.999999999999999,0.213179913767169,0,2,"neurotransmitter receptor complex","CC",1
"GO:0120044",0.999999999999999,0.471592053955553,0,1,"stereocilium base","CC",1
"GO:1902555",0.999999999999999,0.45528478907823,0,1,"endoribonuclease complex","CC",1
"GO:1905348",0.999999999999999,0.45528478907823,0,1,"endonuclease complex","CC",1
"GO:1990665",0.999999999999999,0.46543883525733,0,1,"AnxA2-p11 complex","CC",1
"GO:1990667",0.999999999999999,0.46543883525733,0,1,"PCSK9-AnxA2 complex","CC",1
"GO:0070187",0.999999999999999,0.453355862781297,0,1,"shelterin complex","CC",1
"GO:0005828",0.999999999999999,0.218834080080352,0,2,"kinetochore microtubule","CC",1
"GO:0016460",0.999999999999999,0.471592053955546,0,1,"myosin II complex","CC",1
"GO:0031045",0.999999999999999,0.470764426805983,0,1,"dense core granule","CC",1
"GO:0031519",0.999999999999999,0.207941894502024,0,2,"PcG protein complex","CC",1
"GO:0031680",0.999999999999999,0.470764426805983,0,1,"G-protein beta/gamma-subunit complex","CC",1
"GO:0032982",0.999999999999999,0.471592053955546,0,1,"myosin filament","CC",1
"GO:0042575",0.999999999999999,0.217791826155775,0,2,"DNA polymerase complex","CC",1
"GO:0044194",0.999999999999999,0.458489843042301,0,1,"cytolytic granule","CC",1
"GO:0044545",0.999999999999999,0.458823508851151,0,1,"NSL complex","CC",1
"GO:0098992",0.999999999999999,0.470764426805983,0,1,"neuronal dense core vesicle","CC",1
"GO:1990851",0.999999999999999,0.471592053955559,0,1,"Wnt-Frizzled-LRP5/6 complex","CC",1
"GO:1990909",0.999999999999999,0.471592053955559,0,1,"Wnt signalosome","CC",1
"GO:0005677",0.999999999999999,0.470405182341753,0,1,"chromatin silencing complex","CC",1
"GO:0005680",0.999999999999999,0.457411615917499,0,1,"anaphase-promoting complex","CC",1
"GO:0031499",0.999999999999999,0.47159170099595,0,1,"TRAMP complex","CC",1
"GO:0031501",0.999999999999999,0.471592053954817,0,1,"mannosyltransferase complex","CC",1
"GO:0032783",0.999999999999999,0.470240932746964,0,1,"super elongation complex","CC",1
"GO:0035098",0.999999999999999,0.470405182341753,0,1,"ESC/E(Z) complex","CC",1
"GO:1990529",0.999999999999999,0.471592053954817,0,1,"glycosylphosphatidylinositol-mannosyltransferase I complex","CC",1
"GO:0000152",1,0.202191434477139,0,2,"nuclear ubiquitin ligase complex","CC",1
"GO:0000502",1,0.443461400010675,0,1,"proteasome complex","CC",1
"GO:0098554",1,0.45516118097344,0,1,"cytoplasmic side of endoplasmic reticulum membrane","CC",1
"GO:1905368",1,0.443461400010675,0,1,"peptidase complex","CC",1
"GO:1905369",1,0.443461400010675,0,1,"endopeptidase complex","CC",1
"GO:0005891",1,0.471592053955593,0,1,"voltage-gated calcium channel complex","CC",1
"GO:0030289",1,0.471583520613719,0,1,"protein phosphatase 4 complex","CC",1
"GO:0031515",1,0.461531387150778,0,1,"tRNA (m1A) methyltransferase complex","CC",1
"GO:0034704",1,0.471592053955593,0,1,"calcium channel complex","CC",1
"GO:0043527",1,0.461531387150778,0,1,"tRNA methyltransferase complex","CC",1
"GO:0000815",1,0.471592053954396,0,1,"ESCRT III complex","CC",1
"GO:0005778",1,0.218236419129374,0,2,"peroxisomal membrane","CC",1
"GO:0008091",1,0.471592053955636,0,1,"spectrin","CC",1
"GO:0014731",1,0.471592053955636,0,1,"spectrin-associated cytoskeleton","CC",1
"GO:0031903",1,0.218236419129374,0,2,"microbody membrane","CC",1
"GO:0033010",1,0.471592053955636,0,1,"paranodal junction","CC",1
"GO:0044753",1,0.471592053954396,0,1,"amphisome","CC",1
"GO:0070176",1,0.460239477553116,0,1,"DRM complex","CC",1
"GO:0072379",1,0.443805656504658,0,1,"ER membrane insertion complex","CC",1
"GO:0098688",1,0.471592053955636,0,1,"parallel fiber to Purkinje cell synapse","CC",1
"GO:0099189",1,0.471592053955636,0,1,"postsynaptic spectrin-associated cytoskeleton","CC",1
"GO:0160064",1,0.443805656504658,0,1,"multi-pass translocon complex","CC",1
"GO:1904930",1,0.471592053954396,0,1,"amphisome membrane","CC",1
"GO:0000812",1,0.466911365157286,0,1,"Swr1 complex","CC",1
"GO:0000932",1,0.0965181867897795,0,3,"P-body","CC",1
"GO:0005943",1,0.221527814559715,0,2,"phosphatidylinositol 3-kinase complex, class IA","CC",1
"GO:0009360",1,0.462474574697376,0,1,"DNA polymerase III complex","CC",1
"GO:0018995",1,0.22039892772232,0,2,"host cellular component","CC",1
"GO:0043657",1,0.22039892772232,0,2,"host cell","CC",1
"GO:0097651",1,0.221527814559715,0,2,"phosphatidylinositol 3-kinase complex, class I","CC",1
"GO:0000235",1,0.464637575944811,0,1,"astral microtubule","CC",1
"GO:0001772",1,0.0936883462477038,0,3,"immunological synapse","CC",1
"GO:0005640",1,0.210092635442186,0,2,"nuclear outer membrane","CC",1
"GO:0005760",1,0.471543659197077,0,1,"gamma DNA polymerase complex","CC",1
"GO:0005818",1,0.464637575944811,0,1,"aster","CC",1
"GO:0005844",1,0.092252974665257,0,3,"polysome","CC",1
"GO:0005871",1,0.21876835626008,0,2,"kinesin complex","CC",1
"GO:0008352",1,0.451082213333178,0,1,"katanin complex","CC",1
"GO:0012507",1,0.197262014159705,0,2,"ER to Golgi transport vesicle membrane","CC",1
"GO:0016580",1,0.471592053954356,0,1,"Sin3 complex","CC",1
"GO:0030990",1,0.461799091933509,0,1,"intraciliary transport particle","CC",1
"GO:0030992",1,0.461799091933509,0,1,"intraciliary transport particle B","CC",1
"GO:0031312",1,0.218640942697083,0,2,"extrinsic component of organelle membrane","CC",1
"GO:0031463",1,0.21495036690141,0,2,"Cul3-RING ubiquitin ligase complex","CC",1
"GO:0032133",1,0.208231930389866,0,2,"chromosome passenger complex","CC",1
"GO:0032391",1,0.461799091933509,0,1,"photoreceptor connecting cilium","CC",1
"GO:0032589",1,0.471587616241721,0,1,"neuron projection membrane","CC",1
"GO:0036488",1,0.442761991957998,0,1,"CHOP-C/EBP complex","CC",1
"GO:0043529",1,0.445804445185898,0,1,"GET complex","CC",1
"GO:0045171",1,0.100637909141165,0,3,"intercellular bridge","CC",1
"GO:0060171",1,0.471587616241721,0,1,"stereocilium membrane","CC",1
"GO:0061673",1,0.464637575944811,0,1,"mitotic spindle astral microtubule","CC",1
"GO:0070822",1,0.471592053954356,0,1,"Sin3-type complex","CC",1
"GO:0071006",1,0.214680338674966,0,2,"U2-type catalytic step 1 spliceosome","CC",1
"GO:0071012",1,0.214680338674966,0,2,"catalytic step 1 spliceosome","CC",1
"GO:0120111",1,0.219849748239875,0,2,"neuron projection cytoplasm","CC",1
"GO:1904115",1,0.219849748239875,0,2,"axon cytoplasm","CC",1
"GO:1990023",1,0.464637575944811,0,1,"mitotic spindle midzone","CC",1
"GO:1990617",1,0.442761991957998,0,1,"CHOP-ATF4 complex","CC",1
"GO:0000118",1,0.048460264414314,0,4,"histone deacetylase complex","CC",1
"GO:0005942",1,0.0475737184751487,0,4,"phosphatidylinositol 3-kinase complex","CC",1
"GO:0036396",1,0.468999961410055,0,1,"RNA N6-methyladenosine methyltransferase complex","CC",1
"GO:0045293",1,0.468999961410055,0,1,"mRNA editing complex","CC",1
"GO:1990112",1,0.471592053955056,0,1,"RQC complex","CC",1
"GO:1990124",1,0.447810456707007,0,1,"messenger ribonucleoprotein complex","CC",1
"GO:1990726",1,0.447810456707007,0,1,"Lsm1-7-Pat1 complex","CC",1
"GO:0000177",1,0.456650706371967,0,1,"cytoplasmic exosome (RNase complex)","CC",1
"GO:0000178",1,0.456650706371967,0,1,"exosome (RNase complex)","CC",1
"GO:0005657",1,0.219789641788409,0,2,"replication fork","CC",1
"GO:0005901",1,0.102933085797894,0,3,"caveola","CC",1
"GO:0005944",1,0.470373459628144,0,1,"phosphatidylinositol 3-kinase complex, class IB","CC",1
"GO:0008305",1,0.471037663165985,0,1,"integrin complex","CC",1
"GO:0031092",1,0.471592053954733,0,1,"platelet alpha granule membrane","CC",1
"GO:0031429",1,0.4435626793152,0,1,"box H/ACA snoRNP complex","CC",1
"GO:0034687",1,0.471037663165985,0,1,"integrin alphaL-beta2 complex","CC",1
"GO:0034688",1,0.471037663165985,0,1,"integrin alphaM-beta2 complex","CC",1
"GO:0034689",1,0.471037663165985,0,1,"integrin alphaX-beta2 complex","CC",1
"GO:0045025",1,0.456650706371967,0,1,"mitochondrial degradosome","CC",1
"GO:0072588",1,0.4435626793152,0,1,"box H/ACA RNP complex","CC",1
"GO:0072589",1,0.4435626793152,0,1,"box H/ACA scaRNP complex","CC",1
"GO:0090661",1,0.4435626793152,0,1,"box H/ACA telomerase RNP complex","CC",1
"GO:0098636",1,0.471037663165985,0,1,"protein complex involved in cell adhesion","CC",1
"GO:1905354",1,0.456650706371967,0,1,"exoribonuclease complex","CC",1
"GO:0000811",1,0.467658659820499,0,1,"GINS complex","CC",1
"GO:0001917",1,0.206536083095342,0,2,"photoreceptor inner segment","CC",1
"GO:0005579",1,0.459324212749932,0,1,"membrane attack complex","CC",1
"GO:0031261",1,0.467658659820499,0,1,"DNA replication preinitiation complex","CC",1
"GO:0031313",1,0.46489437955592,0,1,"extrinsic component of endosome membrane","CC",1
"GO:0035102",1,0.442650404170025,0,1,"PRC1 complex","CC",1
"GO:0044218",1,0.459324212749932,0,1,"other organism cell membrane","CC",1
"GO:0046930",1,0.459324212749932,0,1,"pore complex","CC",1
"GO:0071162",1,0.467658659820499,0,1,"CMG complex","CC",1
"GO:0090543",1,0.217794994786356,0,2,"Flemming body","CC",1
"GO:0000346",1,0.457356248364195,0,1,"transcription export complex","CC",1
"GO:0001652",1,0.219258217394326,0,2,"granular component","CC",1
"GO:0005927",1,0.44724028069515,0,1,"muscle tendon junction","CC",1
"GO:0009330",1,0.471591972070136,0,1,"DNA topoisomerase type II (double strand cut, ATP-hydrolyzing) complex","CC",1
"GO:0016272",1,0.451661113063662,0,1,"prefoldin complex","CC",1
"GO:0030132",1,0.47159205395485,0,1,"clathrin coat of coated pit","CC",1
"GO:0031594",1,0.44724028069515,0,1,"neuromuscular junction","CC",1
"GO:0031616",1,0.209201208509354,0,2,"spindle pole centrosome","CC",1
"GO:0032437",1,0.44724028069515,0,1,"cuticular plate","CC",1
"GO:0042611",1,0.444463017076138,0,1,"MHC protein complex","CC",1
"GO:0042613",1,0.444463017076138,0,1,"MHC class II protein complex","CC",1
"GO:0098553",1,0.444463017076138,0,1,"lumenal side of endoplasmic reticulum membrane","CC",1
"GO:0098559",1,0.457032284084312,0,1,"cytoplasmic side of early endosome membrane","CC",1
"GO:0098842",1,0.457032284084312,0,1,"postsynaptic early endosome","CC",1
"GO:0098845",1,0.457032284084312,0,1,"postsynaptic endosome","CC",1
"GO:0101031",1,0.451661113063662,0,1,"protein folding chaperone complex","CC",1
"GO:1990062",1,0.451661113063662,0,1,"RPAP3/R2TP/prefoldin-like complex","CC",1
"GO:0030126",1,0.462433835091974,0,1,"COPI vesicle coat","CC",1
"GO:0030137",1,0.462433835091974,0,1,"COPI-coated vesicle","CC",1
"GO:0030660",1,0.462433835091974,0,1,"Golgi-associated vesicle membrane","CC",1
"GO:0030663",1,0.462433835091974,0,1,"COPI-coated vesicle membrane","CC",1
"GO:0030896",1,0.470119046796604,0,1,"checkpoint clamp complex","CC",1
"GO:0036056",1,0.471592053954477,0,1,"filtration diaphragm","CC",1
"GO:0036057",1,0.471592053954477,0,1,"slit diaphragm","CC",1
"GO:1990713",1,0.45879653757779,0,1,"survivin complex","CC",1
"GO:0005669",1,0.471592053954844,0,1,"transcription factor TFIID complex","CC",1
"GO:0005858",1,0.471592053955226,0,1,"axonemal dynein complex","CC",1
"GO:0033276",1,0.471592053954844,0,1,"transcription factor TFTC complex","CC",1
"GO:0036157",1,0.471592053955226,0,1,"outer dynein arm","CC",1
"GO:0070461",1,0.471592053954844,0,1,"SAGA-type complex","CC",1
"GO:0031089",1,0.454041287234045,0,1,"platelet dense granule lumen","CC",1
"GO:0031414",1,0.471592053954319,0,1,"N-terminal protein acetyltransferase complex","CC",1
"GO:0031416",1,0.471592053954319,0,1,"NatB complex","CC",1
"GO:0042827",1,0.454041287234045,0,1,"platelet dense granule","CC",1
"GO:0019005",1,0.471592053954938,0,1,"SCF ubiquitin ligase complex","CC",1
"GO:0097519",1,0.45581518609118,0,1,"DNA recombinase complex","CC",1
"GO:0097025",1,0.47113624300255,0,1,"MPP7-DLG1-LIN7 complex","CC",1
"GO:0098839",1,0.47113624300255,0,1,"postsynaptic density membrane","CC",1
"GO:0099634",1,0.47113624300255,0,1,"postsynaptic specialization membrane","CC",1
